Status,Street,Suburb,Floor Area,Land Area,# Of Rooms,Baths,Parking,Year Built,Type,Listing Price,Sold Time,Sold Price,URL
FOR SALE,-,-,262,430,4,2,2,-,House,"$594,500 INC FHOG / HBG",-,-,https://www.onthehouse.com.au/property-for-sale/vic/officer-3809/lot-13-melodie-dr-officer-vic-3809-11630022
FOR SALE,-,-,-,-,2,2,1,-,Townhouse,Sale,-,-,https://www.onthehouse.com.au/property-for-sale/vic/oak-park-3046/857-pascoe-vale-rd-oak-park-vic-3046-10180918
FOR SALE,31 Burgess Avenue,Officer VIC 3809,-,394,4,2,2,-,House,"$630,000 - $650,000",-,-,https://www.onthehouse.com.au/property-for-sale/vic/officer-3809/31-burgess-ave-officer-vic-3809-4078927
FOR SALE,6 Gum Creek Close,Officer VIC 3809,-,675,4,2,2,-,House,"$775,000 - $825,000",-,-,https://www.onthehouse.com.au/property-for-sale/vic/officer-3809/6-gum-creek-cl-officer-vic-3809-11614934
FOR SALE,-,-,266,571,4,2,4,-,House,"$632,200",-,-,https://www.onthehouse.com.au/property-for-sale/vic/officer-3809/lot-30-petaluma-cres-officer-vic-3809-10319193
FOR SALE,24 Viridian Avenue,Officer VIC 3809,-,249,4,2,100,-,House,"$560,000-$600,000",-,-,https://www.onthehouse.com.au/property-for-sale/vic/officer-3809/24-viridian-ave-officer-vic-3809-11650669
FOR SALE,-,-,110,-,-,-,-,-,Commercial,-,-,-,https://www.onthehouse.com.au/property-for-sale/vic/olinda-3788/shop-5-47--53-olinda--monbulk-rd-olinda-vic-3788-10380337
FOR SALE,-,-,-,373,4,2,2,-,House,"$544,425",-,-,https://www.onthehouse.com.au/property-for-sale/vic/officer-3809/lot-714-stanley-dr-officer-vic-3809-11244371
FOR SALE,11/498 North Road,Ormond VIC 3204,-,-,2,2,2,-,Apartment,"$619,000",-,-,https://www.onthehouse.com.au/property-for-sale/vic/ormond-3204/11-498-north-rd-ormond-vic-3204-4362862
FOR SALE,15 Station Street,Oakleigh VIC 3166,135,-,-,-,-,-,Commercial,-,-,-,https://www.onthehouse.com.au/property-for-sale/vic/oakleigh-3166/15-station-st-oakleigh-vic-3166-11057732
FOR SALE,11 Kentwell Road,Officer VIC 3809,-,665,-,-,-,-,Land,"$525,000",-,-,https://www.onthehouse.com.au/property-for-sale/vic/officer-3809/11-kentwell-rd-officer-vic-3809-3682224
FOR SALE,-,-,-,-,4,2,2,-,House,"$649,900 Brand New...!!!  25k Builder Grant..!!",-,-,https://www.onthehouse.com.au/property-for-sale/vic/officer-3809/lot-1827-caesar-st-officer-vic-3809-11664704
FOR SALE,2 Thomson Avenue,Olinda VIC 3788,157,2344,3,2,4,-,House,"$780,000-$858,000",-,-,https://www.onthehouse.com.au/property-for-sale/vic/olinda-3788/2-thomson-ave-olinda-vic-3788-4296568
FOR SALE,-,-,50,405,-,-,-,-,Commercial,-,-,-,https://www.onthehouse.com.au/property-for-sale/vic/oakleigh-south-3167/2b-price-st-oakleigh-south-vic-3167-11676823
FOR SALE,33 Skyline Drive,Officer VIC 3809,50,625,5,3,3,-,House,"$900,000 - $990,000",-,-,https://www.onthehouse.com.au/property-for-sale/vic/officer-3809/33-skyline-dr-officer-vic-3809-11635281
FOR SALE,6 Ridgewell Crescent,Officer VIC 3809,-,434,-,-,-,-,Land,"$370,000",-,-,https://www.onthehouse.com.au/property-for-sale/vic/officer-3809/6-ridgewell-cres-officer-vic-3809-11537730
FOR SALE,-,-,-,-,3,2,2,-,House,"$520,000",-,-,https://www.onthehouse.com.au/property-for-sale/vic/officer-3809/269-princess-rd-officer-vic-3809-11098660
FOR SALE,184 Warrigal Road,Oakleigh VIC 3166,120,-,-,-,-,-,Commercial,-,-,-,https://www.onthehouse.com.au/property-for-sale/vic/oakleigh-3166/184-warrigal-rd-oakleigh-vic-3166-11474654
FOR SALE,27 Clyde Street,Oakleigh VIC 3166,-,-,4,2,2,-,House,Auction,-,-,https://www.onthehouse.com.au/property-for-sale/vic/oakleigh-3166/27-clyde-st-oakleigh-vic-3166-10732988
FOR SALE,-,-,-,-,3,2,2,-,House,$555K Brand new...!!!,-,-,https://www.onthehouse.com.au/property-for-sale/vic/officer-3809/255-princes-fwy-officer-vic-3809-11608034
FOR SALE,6 Caesar Street,Officer VIC 3809,-,392,4,2,2,-,House,$630K - $660K Brand New,-,-,https://www.onthehouse.com.au/property-for-sale/vic/officer-3809/6-caesar-st-officer-vic-3809-11624241
FOR SALE,-,-,-,392,4,2,2,-,House,"$579,900",-,-,https://www.onthehouse.com.au/property-for-sale/vic/officer-3809/lot-133-sutton-way-officer-vic-3809-11265133
FOR SALE,16 Dalgety Street,Oakleigh VIC 3166,77,-,2,2,1,-,Apartment,"$605,000",-,-,https://www.onthehouse.com.au/property-for-sale/vic/oakleigh-3166/16-dalgety-st-oakleigh-vic-3166-11156139
FOR SALE,5 Bella Vista Crescent,Olinda VIC 3788,125,990,3,1,1,-,House,"$690,000 - $750,000",-,-,https://www.onthehouse.com.au/property-for-sale/vic/olinda-3788/5-bella-vista-cres-olinda-vic-3788-11682956
FOR SALE,-,-,-,512,4,2,2,-,House,"Includes FHBG $608,900",-,-,https://www.onthehouse.com.au/property-for-sale/vic/officer-3809/lot-1914-hansel-ave-officer-vic-3809-10396052
FOR SALE,1/41 Railway Avenue,Oakleigh VIC 3166,40,-,1,1,-,-,Apartment,SALE ON HOLD,-,-,https://www.onthehouse.com.au/property-for-sale/vic/oakleigh-3166/1-41-railway-ave-oakleigh-vic-3166-10058936
FOR SALE,9 Ravensdale Avenue,Officer VIC 3809,108,421,4,2,2,-,House,"$525,000 - $575,000",-,-,https://www.onthehouse.com.au/property-for-sale/vic/officer-3809/9-ravensdale-ave-officer-vic-3809-11454347
FOR SALE,-,-,142,259,3,2,1,-,House,"$419,600 INC FHOG / HBG",-,-,https://www.onthehouse.com.au/property-for-sale/vic/officer-3809/lot-32-melodie-drive----qualifies-for-extended-grant-officer-vic-3809-11608401
FOR SALE,34 Monash Avenue,Olinda VIC 3788,-,994,4,2,1,-,House,UNDER CONTRACT,-,-,https://www.onthehouse.com.au/property-for-sale/vic/olinda-3788/34-monash-ave-olinda-vic-3788-4363906
FOR SALE,-,-,-,350,4,2,2,-,House,"$536,850",-,-,https://www.onthehouse.com.au/property-for-sale/vic/officer-3809/lot-108-ecology-cres-officer-vic-3809-11625133
FOR SALE,4/24 Cadby Avenue,Ormond VIC 3204,-,-,4,2,2,-,House,Contact Mike,-,-,https://www.onthehouse.com.au/property-for-sale/vic/ormond-3204/4-24-cadby-ave-ormond-vic-3204-11475389
FOR SALE,4/18 Jessie Street,Oak Park VIC 3046,-,-,2,2,1,-,Townhouse,"ESR $635,000 - $655,000",-,-,https://www.onthehouse.com.au/property-for-sale/vic/oak-park-3046/4-18-jessie-st-oak-park-vic-3046-11575538
FOR SALE,165 Rix Road,Officer VIC 3809,-,5059,3,1,2,-,House,"$2,000,000 to $2,100,000",-,-,https://www.onthehouse.com.au/property-for-sale/vic/officer-3809/165-rix-rd-officer-vic-3809-11594187
FOR SALE,21 Grandvue Boulevard,Officer VIC 3809,-,527,-,-,-,-,Land,"$405,000",-,-,https://www.onthehouse.com.au/property-for-sale/vic/officer-3809/21-grandvue-bvd-officer-vic-3809-11387811
FOR SALE,3/34 Heath Avenue,Oakleigh VIC 3166,-,-,3,2,2,-,Townhouse,Online Auction,-,-,https://www.onthehouse.com.au/property-for-sale/vic/oakleigh-3166/3-34-heath-ave-oakleigh-vic-3166-11598191
FOR SALE,15B Manton Road,Oakleigh South VIC 3167,300,-,-,-,-,-,Commercial,-,-,-,https://www.onthehouse.com.au/property-for-sale/vic/oakleigh-south-3167/15b-manton-rd-oakleigh-south-vic-3167-10160320
FOR SALE,27 Warwick Farm Road,Olinda VIC 3788,-,1413,4,3,2,-,House,"$870,000-$957,000",-,-,https://www.onthehouse.com.au/property-for-sale/vic/olinda-3788/27-warwick-farm-rd-olinda-vic-3788-11619762
FOR SALE,201/23 Oxford Street,Oakleigh VIC 3166,-,-,1,1,1,-,Apartment,Contact Agent,-,-,https://www.onthehouse.com.au/property-for-sale/vic/oakleigh-3166/201-23-oxford-st-oakleigh-vic-3166-10064454
FOR SALE,5/51 Curie Avenue,Oak Park VIC 3046,-,-,2,1,1,-,House,"$489,000",-,-,https://www.onthehouse.com.au/property-for-sale/vic/oak-park-3046/5-51-curie-ave-oak-park-vic-3046-10496269
FOR SALE,-,-,-,540,-,-,-,-,Land,"$405,000",-,-,https://www.onthehouse.com.au/property-for-sale/vic/officer-3809/lot-5-tubb-ave-officer-vic-3809-11668170
FOR SALE,-,-,-,182,3,2,2,-,Townhouse,"ESR $690,000 - $740,000",-,-,https://www.onthehouse.com.au/property-for-sale/vic/oak-park-3046/1-18-jessie-st-oak-park-vic-3046-11406710
FOR SALE,2/28 Guest Road,Oakleigh South VIC 3167,-,-,4,2,2,-,Townhouse,For Sale,-,-,https://www.onthehouse.com.au/property-for-sale/vic/oakleigh-south-3167/2-28-guest-rd-oakleigh-south-vic-3167-11060178
FOR SALE,2/6 Albert Avenue,Oakleigh VIC 3166,-,-,2,1,2,-,Unit,Oversized Unit In A Prime Location,-,-,https://www.onthehouse.com.au/property-for-sale/vic/oakleigh-3166/2-6-albert-ave-oakleigh-vic-3166-11589437
FOR SALE,-,-,-,263,4,2,2,-,House,"$474,600",-,-,https://www.onthehouse.com.au/property-for-sale/vic/officer-3809/lot-2346-hughes-lane-officer-vic-3809-10650925
FOR SALE,-,-,209,359,4,2,2,-,House,"$508,800 IN FHOG / HBG",-,-,https://www.onthehouse.com.au/property-for-sale/vic/officer-3809/lot-33-melodie-drive----last-few-lots-left-for-this-size---price-officer-vic-3809-11682695
FOR SALE, Canopy Crescent,Officer VIC 3809,-,350,4,2,2,-,House,"$526,250",-,-,https://www.onthehouse.com.au/property-for-sale/vic/officer-3809/lot-108-canopy-cres-officer-vic-3809-11127800
FOR SALE,-,-,226,450,4,2,2,-,House,"$628,899",-,-,https://www.onthehouse.com.au/property-for-sale/vic/officer-3809/lot-52-petaluma-cres-officer-vic-3809-11486343
FOR SALE,188-190 Falls Road,Olinda VIC 3788,-,9712,7,7,1,-,House,"$2,000,000-$2,200,000",-,-,https://www.onthehouse.com.au/property-for-sale/vic/olinda-3788/188--190-falls-rd-olinda-vic-3788-3600585
FOR SALE,3/21 Golf Links Avenue,Oakleigh VIC 3166,-,-,4,3,2,-,Townhouse,"$1,200,000",-,-,https://www.onthehouse.com.au/property-for-sale/vic/oakleigh-3166/3-21-golf-links-ave-oakleigh-vic-3166-11627250
FOR SALE,-,-,-,-,3,2,2,-,Unit,"$520,000",-,-,https://www.onthehouse.com.au/property-for-sale/vic/officer-3809/5--269-princes-hwy-officer-vic-3809-11385812
FOR SALE,211/1525 Dandenong Road,Oakleigh VIC 3166,87,-,2,1,1,-,Apartment,Contact Agent,-,-,https://www.onthehouse.com.au/property-for-sale/vic/oakleigh-3166/211-1525-dandenong-rd-oakleigh-vic-3166-11490577
FOR SALE,-,-,-,392,4,2,2,-,House,"$595,000",-,-,https://www.onthehouse.com.au/property-for-sale/vic/officer-3809/lot-10-royston-st-officer-vic-3809-11481602
FOR SALE,-,-,-,389,4,2,2,-,House,"$560,110",-,-,https://www.onthehouse.com.au/property-for-sale/vic/officer-3809/lot-319-brook-way-officer-vic-3809-11344239
FOR SALE,1&amp;2/12 Valley Street,Oakleigh South VIC 3167,-,-,4,3,2,-,Townhouse,Large Off Plan Homes!,-,-,https://www.onthehouse.com.au/property-for-sale/vic/oakleigh-south-3167/1-2-12-valley-st-oakleigh-south-vic-3167-10843597
FOR SALE,9 Silverleaf Crescent,Officer VIC 3809,-,528,3,2,2,-,House,"$550,000 - $605,000",-,-,https://www.onthehouse.com.au/property-for-sale/vic/officer-3809/9-silverleaf-cres-officer-vic-3809-11553041
FOR SALE,51 Bridge Road,Officer VIC 3809,-,513,4,3,4,-,House,"$634,799",-,-,https://www.onthehouse.com.au/property-for-sale/vic/officer-3809/51-bridge-rd-officer-vic-3809-3839790
FOR SALE,-,-,-,347,3,2,2,-,House,"Includes FHBG $550,300",-,-,https://www.onthehouse.com.au/property-for-sale/vic/officer-3809/lot-2645-grace-st-officer-vic-3809-10538082
FOR SALE,14 Curved Trunk Road,Officer VIC 3809,-,-,4,2,2,-,House,"$599,950",-,-,https://www.onthehouse.com.au/property-for-sale/vic/officer-3809/14-curved-trunk-rd-officer-vic-3809-10083565
FOR SALE,-,-,-,584,4,2,4,-,House,"$675,900",-,-,https://www.onthehouse.com.au/property-for-sale/vic/officer-south-3809/lot-903-berri-ave-officer-south-vic-3809-10596659
FOR SALE,-,-,-,-,6,2,2,-,Unit,EOI - Thursday 17th December by 5pm,-,-,https://www.onthehouse.com.au/property-for-sale/vic/oakleigh-east-3166/1--2-61-macrina-st-oakleigh-east-vic-3166-11598412
FOR SALE,8 Caesar Street,Officer VIC 3809,-,-,4,2,2,-,House,$610K - $630K Brand New,-,-,https://www.onthehouse.com.au/property-for-sale/vic/officer-3809/8-caesar-st-officer-vic-3809-11412183
FOR SALE,106 Dodson Road,Officer VIC 3809,-,457,-,-,-,-,Land,"$377,025",-,-,https://www.onthehouse.com.au/property-for-sale/vic/officer-3809/106-dodson-rd-officer-vic-3809-11643247
FOR SALE,1687 Dandenong Road,Oakleigh East VIC 3166,-,875,-,-,-,-,Land,For Sale  (Open Inspection In The Office),-,-,https://www.onthehouse.com.au/property-for-sale/vic/oakleigh-east-3166/1687-dandenong-rd-oakleigh-east-vic-3166-11105621
FOR SALE,6 Markbeech Crescent,Officer VIC 3809,-,338,4,2,2,-,House,"$520,000 - $550,000",-,-,https://www.onthehouse.com.au/property-for-sale/vic/officer-3809/6-markbeech-cres-officer-vic-3809-11619391
FOR SALE,6 Gum Creek Close,Officer VIC 3809,-,675,4,2,2,-,House,"$775,000 - $825,000",-,-,https://www.onthehouse.com.au/property-for-sale/vic/officer-3809/6-gum-creek-cl-officer-vic-3809-11615142
FOR SALE,60 Tivendale Road,Officer VIC 3809,-,-,3,2,2,-,House,Construction start soon....!!!!,-,-,https://www.onthehouse.com.au/property-for-sale/vic/officer-3809/60-tivendale-rd-officer-vic-3809-10464652
FOR SALE,5 Vita Lane,Officer VIC 3809,195,-,4,3,2,-,House,-,-,-,https://www.onthehouse.com.au/property-for-sale/vic/officer-3809/5-vita-lane-officer-vic-3809-11190223
FOR SALE,-,-,40,-,-,-,-,-,Commercial,-,-,-,https://www.onthehouse.com.au/property-for-sale/vic/oak-park-3046/1st-floor-785-pascoe-vale-rd-oak-park-vic-3046-10139229
FOR SALE,10 Alvina Street,Oakleigh South VIC 3167,141,141,3,2,2,-,Townhouse,"$875,000",-,-,https://www.onthehouse.com.au/property-for-sale/vic/oakleigh-south-3167/10-alvina-st-oakleigh-south-vic-3167-10477565
FOR SALE,7 Timbertop Boulevard,Officer VIC 3809,-,225,4,2,2,-,House,"$595,000 - $650,000",-,-,https://www.onthehouse.com.au/property-for-sale/vic/officer-3809/7-timbertop-bvd-officer-vic-3809-11444592
FOR SALE,177 Mary Street,Officer VIC 3809,-,309,3,2,2,-,House,"$480,000-$530,000",-,-,https://www.onthehouse.com.au/property-for-sale/vic/officer-3809/177-mary-st-officer-vic-3809-11533513
FOR SALE,129 Olinda-Monbulk Road,Olinda VIC 3788,-,7,3,2,-,-,House,"$2,300,000 - $2,500,000",-,-,https://www.onthehouse.com.au/property-for-sale/vic/olinda-3788/129-olinda--monbulk-rd-olinda-vic-3788-3740552
FOR SALE,-,-,-,-,3,2,2,-,Unit,"$520,000",-,-,https://www.onthehouse.com.au/property-for-sale/vic/officer-3809/5-princes-hwy-officer-vic-3809-11386137
FOR SALE,-,-,-,392,4,2,2,-,House,"$528,800",-,-,https://www.onthehouse.com.au/property-for-sale/vic/officer-3809/lot-12-royston-st-officer-vic-3809-11481737
FOR SALE,2/35A Connell Road,Oakleigh VIC 3166,350,-,-,-,4,-,Commercial,-,-,-,https://www.onthehouse.com.au/property-for-sale/vic/oakleigh-3166/2-35a-connell-rd-oakleigh-vic-3166-10183313
FOR SALE,106 Dodson Road,Officer VIC 3809,-,457,-,-,-,-,Land,"$377,025",-,-,https://www.onthehouse.com.au/property-for-sale/vic/officer-3809/106-dodson-rd-officer-vic-3809-11636780
FOR SALE,6 Caesar Street,Officer VIC 3809,-,392,4,2,2,-,House,Contact Agent,-,-,https://www.onthehouse.com.au/property-for-sale/vic/officer-3809/6-caesar-st-officer-vic-3809-11614081
FOR SALE,-,-,209,359,4,2,2,-,House,"$508,800 IN FHOG / HBG",-,-,https://www.onthehouse.com.au/property-for-sale/vic/officer-3809/lot-28-melodie-drive----last-few-lots-left-for-this-size---price-officer-vic-3809-11682501
FOR SALE,18A Davis Street,Nyora VIC 3987,-,540,-,-,-,-,Land,"$219,500",-,-,https://www.onthehouse.com.au/property-for-sale/vic/nyora-3987/18a-davis-st-nyora-vic-3987-11075028
FOR SALE,4 Weir Terrace,Officer VIC 3809,-,238,-,-,-,-,Land,"$280,000",-,-,https://www.onthehouse.com.au/property-for-sale/vic/officer-3809/4-weir-tce-officer-vic-3809-11667458
FOR SALE,-,-,-,336,4,2,1,-,House,"$528,850",-,-,https://www.onthehouse.com.au/property-for-sale/vic/officer-south-3809/lot-391-calvert-st-officer-south-vic-3809-11181740
FOR SALE,80 Atherton Road,Oakleigh VIC 3166,170,-,-,-,-,-,Commercial,-,-,-,https://www.onthehouse.com.au/property-for-sale/vic/oakleigh-3166/80-atherton-rd-oakleigh-vic-3166-10146836
FOR SALE,565 Princes Highway,Officer VIC 3809,-,16000,4,3,3,-,House,Expressions of Interest,-,-,https://www.onthehouse.com.au/property-for-sale/vic/officer-3809/565-princes-hwy-officer-vic-3809-2679217
FOR SALE,-,-,-,350,4,2,2,-,House,"$497,699",-,-,https://www.onthehouse.com.au/property-for-sale/vic/officer-south-3809/lot-506-leeson-st-officer-south-vic-3809-10626632
FOR SALE,41 Railway Avenue,Oakleigh VIC 3166,40,-,1,1,-,-,Apartment,"$185,000 to $205,000 SALE ON HOLD",-,-,https://www.onthehouse.com.au/property-for-sale/vic/oakleigh-3166/41-railway-ave-oakleigh-vic-3166-10060159
FOR SALE,-,-,246,713,4,2,2,-,House,"$ $739,000",-,-,https://www.onthehouse.com.au/property-for-sale/vic/officer-3809/lot-72-oakwood-cl-officer-vic-3809-10572387
FOR SALE,52 Skyline Drive,Officer VIC 3809,-,-,-,-,-,-,Land,"$390,000 - $425,000",-,-,https://www.onthehouse.com.au/property-for-sale/vic/officer-3809/52-skyline-dr-officer-vic-3809-11648393
FOR SALE,2/16 Sumersett Avenue,Oakleigh South VIC 3167,-,-,3,2,2,-,Townhouse,Online Auction This Saturday!,-,-,https://www.onthehouse.com.au/property-for-sale/vic/oakleigh-south-3167/2-16-sumersett-ave-oakleigh-south-vic-3167-10675255
FOR SALE,-,-,16,314,3,2,2,-,House,"$548,723 Turnkey Package H&L",-,-,https://www.onthehouse.com.au/property-for-sale/vic/officer-3809/lot-16-gardenia-st-officer-vic-3809-10613663
FOR SALE,-,-,186,294,3,2,2,-,House,"$468,800 INC FHOG / HBG",-,-,https://www.onthehouse.com.au/property-for-sale/vic/officer-3809/lot-404-clearfell-street----last-lot-left-qualifies-for-grant-officer-vic-3809-11608591
FOR SALE,-,-,16,314,3,2,2,-,House,"$548,723 Turnkey Package H&L",-,-,https://www.onthehouse.com.au/property-for-sale/vic/officer-3809/lot-16-gardenia-drv-circuit-officer-vic-3809-10615399
FOR SALE,50 Golf Road,Oakleigh South VIC 3167,-,-,3,1,4,-,House,"$790,000 - $860,000 A Must See!",-,-,https://www.onthehouse.com.au/property-for-sale/vic/oakleigh-south-3167/50-golf-rd-oakleigh-south-vic-3167-10675483
FOR SALE,17 Oros Way,Officer VIC 3809,-,580,-,-,-,-,Land,"$478,500",-,-,https://www.onthehouse.com.au/property-for-sale/vic/officer-3809/17-oros-way-officer-vic-3809-10340304
FOR SALE,11 Duncombe Avenue,Officer VIC 3809,-,602,-,-,-,-,Land,"$480,000 - $528,000",-,-,https://www.onthehouse.com.au/property-for-sale/vic/officer-3809/11-duncombe-ave-officer-vic-3809-4322670
FOR SALE,4/162 Drummond Street,Oakleigh VIC 3166,245,-,-,-,2,-,Commercial,-,-,-,https://www.onthehouse.com.au/property-for-sale/vic/oakleigh-3166/4-162-drummond-st-oakleigh-vic-3166-10547683
FOR SALE,3/10 Curie Avenue,Oak Park VIC 3046,-,180,2,1,1,-,Townhouse,Contact Agent,-,-,https://www.onthehouse.com.au/property-for-sale/vic/oak-park-3046/3-10-curie-ave-oak-park-vic-3046-11584282
FOR SALE,2/23 Dalgety Street,Oakleigh VIC 3166,-,267,-,-,-,-,Land,"Street front address: 81 Drummond Street, Oakleigh",-,-,https://www.onthehouse.com.au/property-for-sale/vic/oakleigh-3166/2-23-dalgety-st-oakleigh-vic-3166-11020725
FOR SALE,-,-,90,-,-,-,-,-,Commercial,-,-,-,https://www.onthehouse.com.au/property-for-sale/vic/olinda-3788/4-47--53-olinda-monbulk-rd-olinda-vic-3788-11585848
FOR SALE,-,-,-,1462,3,1,1,-,House,"$1,415,000",-,-,https://www.onthehouse.com.au/property-for-sale/vic/officer-3809/460-princes-fwy-officer-vic-3809-11593525
FOR SALE,-,-,-,444,-,-,-,-,Land,"$295,000 - $320,000",-,-,https://www.onthehouse.com.au/property-for-sale/vic/officer-3809/7-(lot-123)-sutton-way-officer-vic-3809-10054192
FOR SALE,532 North Road,Ormond VIC 3204,-,187,3,1,2,-,House,"QUICK SALE $635,000 + GST",-,-,https://www.onthehouse.com.au/property-for-sale/vic/ormond-3204/532-north-rd-ormond-vic-3204-11550600
FOR SALE,-,-,22,350,4,2,2,-,House,"$504,800 INC FHOG / HBG",-,-,https://www.onthehouse.com.au/property-for-sale/vic/officer-3809/lot-420-everfair-crescent----last-lot-left--close-to-school-officer-vic-3809-11608015
FOR SALE, Cotswold Crescent,Officer VIC 3809,-,-,-,-,-,-,House,"$591,400",-,-,https://www.onthehouse.com.au/property-for-sale/vic/officer-3809/lot-2623-cotswold-cres-officer-vic-3809-10166372
FOR SALE,105/1217 Centre Road,Oakleigh South VIC 3167,-,-,2,2,1,-,Apartment,Contact Agent,-,-,https://www.onthehouse.com.au/property-for-sale/vic/oakleigh-south-3167/105-1217-centre-rd-oakleigh-south-vic-3167-11093662
FOR SALE,7 Valentine Crescent,Officer VIC 3809,-,579,-,-,-,-,Land,"$510,000",-,-,https://www.onthehouse.com.au/property-for-sale/vic/officer-3809/7-valentine-cres-officer-vic-3809-3682223
FOR SALE,-,-,-,-,3,1,2,-,House,Under Contract,-,-,https://www.onthehouse.com.au/property-for-sale/vic/officer-3809/119-mary-officer-vic-3809-11001907
FOR SALE,-,-,70,-,2,1,1,-,Apartment,"$499,000",-,-,https://www.onthehouse.com.au/property-for-sale/vic/oakleigh-south-3167/lot-g27-1215a-centre-road-oakleigh-south-vic-3167-11223316
FOR SALE,2 Price Street,Oakleigh South VIC 3167,26,-,-,-,-,-,Commercial,-,-,-,https://www.onthehouse.com.au/property-for-sale/vic/oakleigh-south-3167/2-price-st-oakleigh-south-vic-3167-11676822
FOR SALE, Somerset Street,Officer VIC 3809,-,392,4,2,2,-,House,"$592,900",-,-,https://www.onthehouse.com.au/property-for-sale/vic/officer-3809/lot-130-somerset-st-officer-vic-3809-11150933
FOR SALE,45 Railway Avenue,Oakleigh VIC 3166,40,-,1,1,-,-,Apartment,"$185,000 to $205,000 SALE ON HOLD",-,-,https://www.onthehouse.com.au/property-for-sale/vic/oakleigh-3166/45-railway-ave-oakleigh-vic-3166-10978387
FOR SALE,-,-,-,360,4,2,2,-,House,"$555,800",-,-,https://www.onthehouse.com.au/property-for-sale/vic/officer-3809/lot-33-melodie-dr-officer-vic-3809-11549675
FOR SALE,471 North Road,Ormond VIC 3204,-,-,-,-,-,-,Commercial,-,-,-,https://www.onthehouse.com.au/property-for-sale/vic/ormond-3204/471-north-rd-ormond-vic-3204-11452095
FOR SALE,-,-,22,350,4,2,2,-,House,"$580,300 INC FHOG / HBG",-,-,https://www.onthehouse.com.au/property-for-sale/vic/officer-3809/lot-6050-infantry-way----dont-miss-out-officer-vic-3809-11678483
FOR SALE,16 Ambleside Way,Officer VIC 3809,-,-,4,2,2,-,House,-,-,-,https://www.onthehouse.com.au/property-for-sale/vic/officer-3809/16-ambleside-way-officer-vic-3809-11542818
FOR SALE,13 Mistover Grove,Officer VIC 3809,-,373,4,2,2,-,House,"$605,000 - $625,000",-,-,https://www.onthehouse.com.au/property-for-sale/vic/officer-3809/13-mistover-gr-officer-vic-3809-11604791
FOR SALE,7 Timbertop Boulevard,Officer VIC 3809,-,225,4,2,2,-,House,"$595,000 - $650,000",-,-,https://www.onthehouse.com.au/property-for-sale/vic/officer-3809/7-timbertop-bvd-officer-vic-3809-4336923
FOR SALE,-,-,-,-,3,2,2,-,House,Contact Vikas !,-,-,https://www.onthehouse.com.au/property-for-sale/vic/ormond-3204/1-26-cadby-ave-ormond-vic-3204-11659000
FOR SALE, Annabel Crescent,Officer VIC 3809,-,740,-,-,-,-,Land,"EXPRESS SALE $410,000 - $450,000",-,-,https://www.onthehouse.com.au/property-for-sale/vic/officer-3809/lot-2506-annabel-cres-officer-vic-3809-10976007
FOR SALE,18A Davis Street,Nyora VIC 3987,-,574,-,-,-,-,Land,"$222,000",-,-,https://www.onthehouse.com.au/property-for-sale/vic/nyora-3987/18a-davis-st-nyora-vic-3987-11075012
FOR SALE, Ariel Way,Officer VIC 3809,-,400,4,2,2,-,House,"Includes FHBG $594,400",-,-,https://www.onthehouse.com.au/property-for-sale/vic/officer-3809/lot-2206-ariel-way-officer-vic-3809-10572231
FOR SALE,-,-,13,303,3,2,1,-,House,"$522,925 Full Turnkey H&L Nothing to Spend!",-,-,https://www.onthehouse.com.au/property-for-sale/vic/officer-3809/lot-32-gardenia-pl-officer-vic-3809-10613671
FOR SALE,-,-,183,344,4,2,2,-,House,"$477,900 INC FHOG / HBG",-,-,https://www.onthehouse.com.au/property-for-sale/vic/officer-3809/lot-21-barbara-ave-officer-vic-3809-11628358
FOR SALE,510/1525 Dandenong Road,Oakleigh VIC 3166,74,-,2,2,1,-,Apartment,"$460,000 to $480,000 LAST INSPECTION WK. BEFORE X-",-,-,https://www.onthehouse.com.au/property-for-sale/vic/oakleigh-3166/510-1525-dandenong-rd-oakleigh-vic-3166-11483573
FOR SALE,12 Sutton Way,Officer VIC 3809,-,392,-,-,-,-,Land,"$365,000",-,-,https://www.onthehouse.com.au/property-for-sale/vic/officer-3809/12-sutton-way-officer-vic-3809-11144346
FOR SALE,19 Mallard Avenue,Officer VIC 3809,-,221,3,2,1,-,House,"$470,000 - $510,000",-,-,https://www.onthehouse.com.au/property-for-sale/vic/officer-3809/19-mallard-ave-officer-vic-3809-4269072
FOR SALE,10/45 Railway Avenue,Oakleigh VIC 3166,-,-,1,1,1,-,Apartment,"For Sale - Asking $310,000",-,-,https://www.onthehouse.com.au/property-for-sale/vic/oakleigh-3166/10-45-railway-ave-oakleigh-vic-3166-10064719
FOR SALE,-,-,-,350,4,2,2,-,House,"$556,800",-,-,https://www.onthehouse.com.au/property-for-sale/vic/officer-3809/lot-4-limo-s-way-officer-vic-3809-11549722
FOR SALE,24 Viridian Avenue,Officer VIC 3809,-,249,4,2,2,-,House,"$560,000-$600,000",-,-,https://www.onthehouse.com.au/property-for-sale/vic/officer-3809/24-viridian-ave-officer-vic-3809-11650478
FOR SALE,24 Mallard Avenue,Officer VIC 3809,-,448,4,2,2,-,House,"$520,000 to $570,000",-,-,https://www.onthehouse.com.au/property-for-sale/vic/officer-3809/24-mallard-ave-officer-vic-3809-11359662
FOR SALE,17 Oros Way,Officer VIC 3809,-,500,-,-,-,-,Land,$400K Titled Land..!!! Ready To Build..!!!,-,-,https://www.onthehouse.com.au/property-for-sale/vic/officer-3809/17-oros-way-officer-vic-3809-11374025
FOR SALE,4 Eastgate Street,Oakleigh VIC 3166,-,-,2,1,2,-,House,Auction (Unless Sold Prior),-,-,https://www.onthehouse.com.au/property-for-sale/vic/oakleigh-3166/4-eastgate-st-oakleigh-vic-3166-10593209
FOR SALE,22 Bayview Road,Officer VIC 3809,-,-,3,2,2,-,Townhouse,"$499,500",-,-,https://www.onthehouse.com.au/property-for-sale/vic/officer-3809/22-bayview-rd-officer-vic-3809-11590852
FOR SALE,14 School Court,Oak Park VIC 3046,-,203,3,2,-,-,Townhouse,"$800,000 - $849,000",-,-,https://www.onthehouse.com.au/property-for-sale/vic/oak-park-3046/14-school-ct-oak-park-vic-3046-3625442
FOR SALE,-,-,-,371,4,2,2,-,House,"Includes FHBG $543,100",-,-,https://www.onthehouse.com.au/property-for-sale/vic/officer-3809/lot-3-wildwood-st-officer-vic-3809-10539864
FOR SALE,2 Kallista Circuit,Officer VIC 3809,-,366,-,-,-,-,Land,"$349,900",-,-,https://www.onthehouse.com.au/property-for-sale/vic/officer-3809/2-kallista-cct-officer-vic-3809-11488873
FOR SALE,1/9 Gordon Avenue,Oakleigh East VIC 3166,-,-,2,1,1,-,Unit,FOR SALE,-,-,https://www.onthehouse.com.au/property-for-sale/vic/oakleigh-east-3166/1-9-gordon-ave-oakleigh-east-vic-3166-4090825
FOR SALE,-,-,22,359,4,2,2,-,House,"$508,800 INC FHOG / HBG",-,-,https://www.onthehouse.com.au/property-for-sale/vic/officer-3809/lot-26-melodie-drive----last-lot-left-for-this-size---price-officer-vic-3809-11608010
FOR SALE,6 Markbeech Crescent,Officer VIC 3809,-,338,4,2,2,-,House,"$520,000 - $550,000",-,-,https://www.onthehouse.com.au/property-for-sale/vic/officer-3809/6-markbeech-cres-officer-vic-3809-11619265
FOR SALE,10 Upton Drive,Officer VIC 3809,-,425,4,2,2,-,House,"$800,000 - $880,000",-,-,https://www.onthehouse.com.au/property-for-sale/vic/officer-3809/10-upton-dr-officer-vic-3809-3741190
FOR SALE,407/83-85 Drummond Street,Oakleigh VIC 3166,-,-,2,2,1,-,Apartment,Call today to book private inspection!,-,-,https://www.onthehouse.com.au/property-for-sale/vic/oakleigh-3166/407-83--85-drummond-st-oakleigh-vic-3166-10869682
FOR SALE,4 Moorcroft Terrace,Officer VIC 3809,-,193,2,1,2,-,Townhouse,"$420,000 - $460,000 INSPECT BY APPOINTMENT ",-,-,https://www.onthehouse.com.au/property-for-sale/vic/officer-3809/4-moorcroft-tce-officer-vic-3809-10816010
FOR SALE,240 Warrigal Road,Oakleigh South VIC 3167,-,-,3,1,2,-,House,Online Auction,-,-,https://www.onthehouse.com.au/property-for-sale/vic/oakleigh-south-3167/240-warrigal-rd-oakleigh-south-vic-3167-11608390
FOR SALE,5 Renishaw Drive,Officer VIC 3809,241,617,5,3,100,-,House,"$980,000 - $1,060,000",-,-,https://www.onthehouse.com.au/property-for-sale/vic/officer-3809/5-renishaw-dr-officer-vic-3809-4381125
FOR SALE,20 Olinda-Monbulk Road,Olinda VIC 3788,-,1016,3,2,4,-,House,"$1,050,000 - $1,100,000",-,-,https://www.onthehouse.com.au/property-for-sale/vic/olinda-3788/20-olinda--monbulk-rd-olinda-vic-3788-4182924
FOR SALE,12 Sutton Way,Officer VIC 3809,-,392,-,-,-,-,Land,"$365,000",-,-,https://www.onthehouse.com.au/property-for-sale/vic/officer-3809/12-sutton-way-officer-vic-3809-11144136
FOR SALE,1/47-53 Olinda-Monbulk Road,Olinda VIC 3788,90,-,-,-,-,-,Commercial,-,-,-,https://www.onthehouse.com.au/property-for-sale/vic/olinda-3788/1-47--53-olinda--monbulk-rd-olinda-vic-3788-11156313
FOR SALE,-,-,-,393,4,2,4,-,House,"$569,900",-,-,https://www.onthehouse.com.au/property-for-sale/vic/officer-3809/lot-2621-cotswold-cres-officer-vic-3809-10610307
FOR SALE,4 Keats Street,Officer VIC 3809,-,390,4,2,2,-,House,-,-,-,https://www.onthehouse.com.au/property-for-sale/vic/officer-3809/4-keats-st-officer-vic-3809-11581514
FOR SALE,14 Lawson Street,Oakleigh East VIC 3166,45,-,-,-,-,-,Commercial,-,-,-,https://www.onthehouse.com.au/property-for-sale/vic/oakleigh-east-3166/14-lawson-st-oakleigh-east-vic-3166-11384203
FOR SALE,-,-,-,443,3,2,2,-,House,"$619,300",-,-,https://www.onthehouse.com.au/property-for-sale/vic/officer-3809/lot-107-rosebrook-rise-officer-vic-3809-10586453
FOR SALE, Winnow Street,Officer VIC 3809,22,354,4,2,2,-,House,"$505,300 INC FHOG / HBG",-,-,https://www.onthehouse.com.au/property-for-sale/vic/officer-3809/lot-22-winnow-st-officer-vic-3809-11608064
FOR SALE,-,-,-,-,2,1,2,-,Townhouse,Entry Via Shafton Street,-,-,https://www.onthehouse.com.au/property-for-sale/vic/oakleigh-east-3166/2-1584-dandenong-rd-oakleigh-east-vic-3166-10129185
FOR SALE,-,-,-,350,3,2,2,-,House,"$520,650",-,-,https://www.onthehouse.com.au/property-for-sale/vic/officer-3809/lot-213-orrong-dr-officer-vic-3809-11214307
FOR SALE,-,-,-,424,3,2,2,-,House,"Inspection by appointment - Price $850,000",-,-,https://www.onthehouse.com.au/property-for-sale/vic/oakleigh-east-3166/1638-dandenong-rd-oakleigh-east-vic-3166-10388844
FOR SALE,5 Renishaw Drive,Officer VIC 3809,241,617,5,3,3,-,House,"$980,000 - $1,060,000",-,-,https://www.onthehouse.com.au/property-for-sale/vic/officer-3809/5-renishaw-dr-officer-vic-3809-11522506
FOR SALE,94 Dodson Road,Officer VIC 3809,-,326,-,-,-,-,Land,"$300,000",-,-,https://www.onthehouse.com.au/property-for-sale/vic/officer-3809/94-dodson-rd-officer-vic-3809-10430001
FOR SALE,3 Princes Highway,Officer VIC 3809,-,-,3,2,2,-,Unit,"$580,000",-,-,https://www.onthehouse.com.au/property-for-sale/vic/officer-3809/3-princes-hwy-officer-vic-3809-11386025
FOR SALE,-,-,-,-,2,1,1,-,Unit,600 - 620K - No Body Corp!,-,-,https://www.onthehouse.com.au/property-for-sale/vic/oakleigh-3166/3-1437-north-rd-oakleigh-vic-3166-11014101
FOR SALE,50 Henry Street,Oakleigh VIC 3166,-,542,4,2,6,-,House,FORTHCOMING AUCTION,-,-,https://www.onthehouse.com.au/property-for-sale/vic/oakleigh-3166/50-henry-st-oakleigh-vic-3166-11534788
FOR SALE,3/21 Golf Links Avenue,Oakleigh VIC 3166,-,-,4,3,1,-,Townhouse,-,-,-,https://www.onthehouse.com.au/property-for-sale/vic/oakleigh-3166/3-21-golf-links-ave-oakleigh-vic-3166-11630251
FOR SALE,8/30 Lillimur Road,Ormond VIC 3204,72,-,2,1,1,-,Apartment,"$450,000 - $495,000",-,-,https://www.onthehouse.com.au/property-for-sale/vic/ormond-3204/8-30-lillimur-rd-ormond-vic-3204-10456935
FOR SALE,32 Curved Trunk Road,Officer VIC 3809,-,435,4,2,2,-,House,"$560,000 - $580,000",-,-,https://www.onthehouse.com.au/property-for-sale/vic/officer-3809/32-curved-trunk-rd-officer-vic-3809-10084114
FOR SALE,9A/23-25 Bunney Road,Oakleigh South VIC 3167,75,-,-,-,5,-,Commercial,-,-,-,https://www.onthehouse.com.au/property-for-sale/vic/oakleigh-south-3167/9a-23--25-bunney-rd-oakleigh-south-vic-3167-10147469
FOR SALE,-,-,-,-,2,1,1,-,Townhouse,"$549,000 - $589,000",-,-,https://www.onthehouse.com.au/property-for-sale/vic/oak-park-3046/2-4---6-29--31-xavier-st-oak-park-vic-3046-11231319
FOR SALE,2/3 Edith Street,Oak Park VIC 3046,-,-,2,1,2,-,Unit,"$550,000 - $605,000",-,-,https://www.onthehouse.com.au/property-for-sale/vic/oak-park-3046/2-3-edith-st-oak-park-vic-3046-11600939
FOR SALE,1/10 Curie Avenue,Oak Park VIC 3046,-,207,3,2,2,-,Townhouse,Contact Agent,-,-,https://www.onthehouse.com.au/property-for-sale/vic/oak-park-3046/1-10-curie-ave-oak-park-vic-3046-4295990
FOR SALE,11 Turquoise Walk,Officer VIC 3809,-,247,2,2,2,-,House,"$480,000 - $510,000",-,-,https://www.onthehouse.com.au/property-for-sale/vic/officer-3809/11-turquoise-walk-officer-vic-3809-11444649
FOR SALE,15 Cotswold Crescent,Officer VIC 3809,-,-,3,2,2,-,House,Under Contract,-,-,https://www.onthehouse.com.au/property-for-sale/vic/officer-3809/15-cotswold-cres-officer-vic-3809-4137714
FOR SALE,-,-,-,579,4,1,2,-,House,Contact Agent,-,-,https://www.onthehouse.com.au/property-for-sale/vic/oakleigh-3166/1053-north-rd-oakleigh-vic-3166-11432150
FOR SALE,1 Lofty Court,Officer VIC 3809,-,107,3,2,2,-,Townhouse,"$420,000 - $460,000",-,-,https://www.onthehouse.com.au/property-for-sale/vic/officer-3809/1-lofty-ct-officer-vic-3809-11619476
FOR SALE,14 Grace Street,Officer VIC 3809,-,-,4,2,2,-,House,$559K - $599K in Next to Timber Top......!!,-,-,https://www.onthehouse.com.au/property-for-sale/vic/officer-3809/14-grace-st-officer-vic-3809-10318230
FOR SALE,-,-,209,535,4,2,2,-,House,"$571,800 INC FHOG / HBG",-,-,https://www.onthehouse.com.au/property-for-sale/vic/officer-3809/lot-704-stanley-dr-officer-vic-3809-11628459
FOR SALE,2 Kallista Circuit,Officer VIC 3809,-,366,-,-,-,-,Land,"$349,900",-,-,https://www.onthehouse.com.au/property-for-sale/vic/officer-3809/2-kallista-cct-officer-vic-3809-11488843
FOR SALE,19 Avondale Street,Officer VIC 3809,-,952,-,-,-,-,Land,"$410,000 to $450,000",-,-,https://www.onthehouse.com.au/property-for-sale/vic/officer-3809/19-avondale-st-officer-vic-3809-11219071
FOR SALE,-,-,-,-,3,2,2,-,House,"$476,500",-,-,https://www.onthehouse.com.au/property-for-sale/vic/officer-3809/lot-5-rix-rd-officer-vic-3809-11036456
FOR SALE, Albus Crescent,Officer VIC 3809,223,448,4,1,1,-,House,"$595,900",-,-,https://www.onthehouse.com.au/property-for-sale/vic/officer-3809/lot-2223-albus-cres-officer-vic-3809-11251319
FOR SALE,1566 Mount Dandenong Tourist Road,Olinda VIC 3788,-,1992,5,3,4,-,House,"$1,090,000- $1,199,000",-,-,https://www.onthehouse.com.au/property-for-sale/vic/olinda-3788/1566-mount-dandenong-tourist-rd-olinda-vic-3788-2880236
FOR SALE,-,-,-,462,4,2,2,-,House,"$638,327",-,-,https://www.onthehouse.com.au/property-for-sale/vic/officer-south-3809/lot-1120-heggart-crescent-officer-south-vic-3809-11363629
FOR SALE,G10/1215 Centre Road,Oakleigh South VIC 3167,-,-,2,1,1,-,Apartment,"$410,000 - $450,000",-,-,https://www.onthehouse.com.au/property-for-sale/vic/oakleigh-south-3167/g10-1215-centre-rd-oakleigh-south-vic-3167-4338187
FOR SALE,-,-,-,393,4,2,2,-,House,"$534,700",-,-,https://www.onthehouse.com.au/property-for-sale/vic/officer-3809/lot-73-oakwood-cl-officer-vic-3809-10610932
FOR SALE,6/15-17 Calista Avenue,Oakleigh East VIC 3166,-,-,3,2,2,-,Townhouse,Forthcoming Online Auction ~ Book An Inspection!,-,-,https://www.onthehouse.com.au/property-for-sale/vic/oakleigh-east-3166/6-15--17-calista-ave-oakleigh-east-vic-3166-11555157
FOR SALE,-,-,-,374,4,2,2,-,House,"$533,900",-,-,https://www.onthehouse.com.au/property-for-sale/vic/officer-3809/lot-708-stanley-dr-officer-vic-3809-10435827
FOR SALE, Canopy Crescent,Officer VIC 3809,-,400,4,2,2,-,House,"$578,550",-,-,https://www.onthehouse.com.au/property-for-sale/vic/officer-3809/lot-111-canopy-cres-officer-vic-3809-11214784
FOR SALE,-,-,-,-,2,1,1,-,Apartment,In-Room Auction,-,-,https://www.onthehouse.com.au/property-for-sale/vic/oakleigh-east-3166/5-1554--1556-dandenong-rd-oakleigh-east-vic-3166-10286162
FOR SALE,30-32 Warner Street,Oakleigh VIC 3166,745,872,-,-,-,-,Commercial,-,-,-,https://www.onthehouse.com.au/property-for-sale/vic/oakleigh-3166/30--32-warner-st-oakleigh-vic-3166-11316273
FOR SALE,106 Dodson Road,Officer VIC 3809,-,457,-,-,-,-,Land,"$377,000 Titled Land..!!!",-,-,https://www.onthehouse.com.au/property-for-sale/vic/officer-3809/106-dodson-rd-officer-vic-3809-11607678
FOR SALE,5 Cyan Crescent,Officer VIC 3809,-,-,3,2,1,-,Townhouse,"$450,000 - $480,000",-,-,https://www.onthehouse.com.au/property-for-sale/vic/officer-3809/5-cyan-cres-officer-vic-3809-11611991
FOR SALE,11 Turquoise Walk,Officer VIC 3809,-,247,2,2,2,-,House,"$480,000 - $510,000",-,-,https://www.onthehouse.com.au/property-for-sale/vic/officer-3809/11-turquoise-walk-officer-vic-3809-4336900
FOR SALE, Heggart Crescent,Officer South VIC 3809,-,350,4,2,2,-,House,"$529,300",-,-,https://www.onthehouse.com.au/property-for-sale/vic/officer-south-3809/lot-1139-heggart-cres-officer-south-vic-3809-11578723
FOR SALE, Maxwell Street,Officer South VIC 3809,-,432,4,2,2,-,House,"$582,300",-,-,https://www.onthehouse.com.au/property-for-sale/vic/officer-south-3809/lot-1102-maxwell-st-officer-south-vic-3809-11651098
FOR SALE,-,-,171,296,4,2,2,-,House,"$484,900 INC FHOG / HBG",-,-,https://www.onthehouse.com.au/property-for-sale/vic/officer-3809/lot-4-limnos-way-officer-vic-3809-11628452
FOR SALE,-,-,-,209,2,1,2,-,Townhouse,"$390,000 - $429,000",-,-,https://www.onthehouse.com.au/property-for-sale/vic/officer-3809/22-lexington-ave-officer-vic-3809-4280486
FOR SALE,2/52-54 Atherton Road,Oakleigh VIC 3166,110,-,-,-,-,-,Commercial,-,-,-,https://www.onthehouse.com.au/property-for-sale/vic/oakleigh-3166/2-52--54-atherton-rd-oakleigh-vic-3166-10300466
FOR SALE,-,-,180,360,-,-,-,-,Commercial,"$820,000 - $850,000",-,-,https://www.onthehouse.com.au/property-for-sale/vic/oakleigh-3166/1335-north-rd-oakleigh-vic-3166-11056291
FOR SALE,178A Warrigal Road,Oakleigh VIC 3166,50,166,-,-,-,-,Commercial,Sold,-,-,https://www.onthehouse.com.au/property-for-sale/vic/oakleigh-3166/178a-warrigal-rd-oakleigh-vic-3166-11533787
FOR SALE,9 Kings Court,Oakleigh East VIC 3166,-,-,5,2,2,-,House,Mount Waverley School Zone!,-,-,https://www.onthehouse.com.au/property-for-sale/vic/oakleigh-east-3166/9-kings-ct-oakleigh-east-vic-3166-11651979
FOR SALE, Diggory Street,Officer VIC 3809,-,400,4,2,2,-,House,"Includes FHBG $570,900",-,-,https://www.onthehouse.com.au/property-for-sale/vic/officer-3809/lot-2214-diggory-st-officer-vic-3809-10418149
FOR SALE,-,-,-,-,-,-,-,-,Commercial,"$595,000",-,-,https://www.onthehouse.com.au/property-for-sale/vic/oakleigh-3166/285-neerim-gr-oakleigh-vic-3166-11590086
FOR SALE,-,-,-,400,4,2,2,-,House,"$537,500",-,-,https://www.onthehouse.com.au/property-for-sale/vic/officer-south-3809/lot-927-berri-ave-officer-south-vic-3809-10596100
FOR SALE, Canopy Crescent,Officer VIC 3809,-,585,4,4,2,-,House,"$669,030",-,-,https://www.onthehouse.com.au/property-for-sale/vic/officer-3809/lot-114-canopy-cres-officer-vic-3809-11127478
FOR SALE,9/269 Princes Highway,Officer VIC 3809,-,-,3,2,2,-,Unit,"$520,000",-,-,https://www.onthehouse.com.au/property-for-sale/vic/officer-3809/9-269-princes-hwy-officer-vic-3809-10874581
FOR SALE,8/4 Albert Avenue,Oakleigh VIC 3166,-,-,2,1,1,-,Apartment,Online Auction $500k-$550k,-,-,https://www.onthehouse.com.au/property-for-sale/vic/oakleigh-3166/8-4-albert-ave-oakleigh-vic-3166-11059171
FOR SALE,53 Westminster Street,Oakleigh VIC 3166,-,-,-,-,-,-,Commercial,"$200,000",-,-,https://www.onthehouse.com.au/property-for-sale/vic/oakleigh-3166/53-westminster-st-oakleigh-vic-3166-10036434
