Status,Street,Suburb,Floor Area,Land Area,# Of Rooms,Baths,Parking,Year Built,Type,Listing Price,Sold Time,Sold Price,URL
FOR SALE,117/58 Douglas Street,Noble Park VIC 3174,-,-,-,1,-,-,Studio,"$89,000",-,-,https://www.onthehouse.com.au/property-for-sale/vic/noble-park-3174/117-58-douglas-st-noble-park-vic-3174-11110348
FOR SALE,69C Hotham Road,Niddrie VIC 3042,65,-,-,-,-,-,Commercial,-,-,-,https://www.onthehouse.com.au/property-for-sale/vic/niddrie-3042/69c-hotham-rd-niddrie-vic-3042-11103126
FOR SALE,43 Ellendale Road,Noble Park VIC 3174,-,390,4,2,2,-,House,"Private Sale $830,000 - $870,000",-,-,https://www.onthehouse.com.au/property-for-sale/vic/noble-park-3174/43-ellendale-rd-noble-park-vic-3174-11545282
FOR SALE,2/1 Esther Court,Noble Park VIC 3174,-,-,2,1,2,-,Townhouse,UNDER CONTRACT,-,-,https://www.onthehouse.com.au/property-for-sale/vic/noble-park-3174/2-1-esther-ct-noble-park-vic-3174-11526215
FOR SALE,2/176 Buckley Street,Noble Park VIC 3174,102,133,2,2,1,-,Unit,"$520,000-$560,000",-,-,https://www.onthehouse.com.au/property-for-sale/vic/noble-park-3174/2-176-buckley-st-noble-park-vic-3174-11346232
FOR SALE,-,-,215,-,-,-,-,-,Commercial,-,-,-,https://www.onthehouse.com.au/property-for-sale/vic/north-melbourne-3051/part-first-floor-15--19-gracie-st-north-melbourne-vic-3051-10454636
FOR SALE,71 Corrigan Road,Noble Park VIC 3174,-,-,3,1,1,-,House,"$680,000 to $748,000",-,-,https://www.onthehouse.com.au/property-for-sale/vic/noble-park-3174/71-corrigan-rd-noble-park-vic-3174-11000566
FOR SALE,1270 Heatherton Road,Noble Park VIC 3174,100,225,-,-,-,-,Commercial,Contact Agent,-,-,https://www.onthehouse.com.au/property-for-sale/vic/noble-park-3174/1270-heatherton-rd-noble-park-vic-3174-10160609
FOR SALE,-,-,-,-,2,1,1,-,Apartment,"$580,000",-,-,https://www.onthehouse.com.au/property-for-sale/vic/north-melbourne-3051/1-159-curzon-pl-north-melbourne-vic-3051-11657253
FOR SALE,-,-,-,-,2,1,1,-,Apartment,"Inspect Now!  $290,000 - $310,000",-,-,https://www.onthehouse.com.au/property-for-sale/vic/noble-park-3174/205-51--53-buckley-st-noble-park-vic-3174-11568907
FOR SALE,583 Keilor Road,Niddrie VIC 3042,386,-,-,-,5,-,Commercial,-,-,-,https://www.onthehouse.com.au/property-for-sale/vic/niddrie-3042/583-keilor-rd-niddrie-vic-3042-10877303
FOR SALE,-,-,-,-,4,3,2,-,Unit,AUCTION,-,-,https://www.onthehouse.com.au/property-for-sale/vic/noble-park-3174/3-124-noble-st-noble-park-vic-3174-11664717
FOR SALE,-,-,-,-,-,-,-,-,Commercial,-,-,-,https://www.onthehouse.com.au/property-for-sale/vic/nunawading-3131/gl-1--3-rooks-rd-nunawading-vic-3131-11233573
FOR SALE,1/9 Haros Avenue,Nunawading VIC 3131,-,-,3,2,2,-,Townhouse,"FOR SALE $850,000 - $895,000",-,-,https://www.onthehouse.com.au/property-for-sale/vic/nunawading-3131/1-9-haros-ave-nunawading-vic-3131-4170286
FOR SALE,5/34 Kelvinside Road,Noble Park VIC 3174,-,-,3,1,1,-,Townhouse,"$519,000",-,-,https://www.onthehouse.com.au/property-for-sale/vic/noble-park-3174/5-34-kelvinside-rd-noble-park-vic-3174-10405655
FOR SALE,4 Duncan Court,Noble Park VIC 3174,-,553,3,1,2,-,House,"Buy Now! $685,000 to $750,000",-,-,https://www.onthehouse.com.au/property-for-sale/vic/noble-park-3174/4-duncan-ct-noble-park-vic-3174-11599911
FOR SALE,-,-,110,-,-,-,2,-,Commercial,CONTACT AGENT,-,-,https://www.onthehouse.com.au/property-for-sale/vic/north-melbourne-3051/suite-1-33-racecourse-rd-north-melbourne-vic-3051-10338765
FOR SALE,1/1283 Heatherton Road,Noble Park VIC 3174,-,330,3,1,1,-,Unit,"$480,000 to $520,000",-,-,https://www.onthehouse.com.au/property-for-sale/vic/noble-park-3174/1-1283-heatherton-rd-noble-park-vic-3174-4306075
FOR SALE,2/1203 Heatherton Road,Noble Park VIC 3174,-,-,2,1,1,-,Unit,Under Contract,-,-,https://www.onthehouse.com.au/property-for-sale/vic/noble-park-3174/2-1203-heatherton-rd-noble-park-vic-3174-11586002
FOR SALE,201/33 Wreckyn Street,North Melbourne VIC 3051,-,-,1,1,1,-,Apartment,-,-,-,https://www.onthehouse.com.au/property-for-sale/vic/north-melbourne-3051/201-33-wreckyn-st-north-melbourne-vic-3051-11657190
FOR SALE,30/1 Eucalyptus Mews,Notting Hill VIC 3168,86,-,2,1,2,-,Apartment,INSPECTION BOOKING ESSENTIAL,-,-,https://www.onthehouse.com.au/property-for-sale/vic/notting-hill-3168/30-1-eucalyptus-mews-notting-hill-vic-3168-11544098
FOR SALE,-,-,-,-,2,1,1,-,Apartment,"$385,000",-,-,https://www.onthehouse.com.au/property-for-sale/vic/noble-park-3174/305-51--53-buckley-st-noble-park-vic-3174-11647031
FOR SALE,32 Birrong Avenue,Noble Park VIC 3174,-,-,4,2,4,-,House,"$690,000 - $759,000",-,-,https://www.onthehouse.com.au/property-for-sale/vic/noble-park-3174/32-birrong-ave-noble-park-vic-3174-11626431
FOR SALE,1173-1175 Heatherton Road,Noble Park VIC 3174,-,-,3,1,6,-,House,Please Call,-,-,https://www.onthehouse.com.au/property-for-sale/vic/noble-park-3174/1173--1175-heatherton-rd-noble-park-vic-3174-10198760
FOR SALE,1/35 Ardgower Road,Noble Park VIC 3174,-,-,2,1,1,-,Townhouse,"$500,000-$550,000",-,-,https://www.onthehouse.com.au/property-for-sale/vic/noble-park-3174/1-35-ardgower-rd-noble-park-vic-3174-11617417
FOR SALE,322/33 Blackwood Street,North Melbourne VIC 3051,-,-,1,1,-,-,Apartment,"$385,000 - $395,000",-,-,https://www.onthehouse.com.au/property-for-sale/vic/north-melbourne-3051/322-33-blackwood-st-north-melbourne-vic-3051-11639812
FOR SALE,M1110/168 Macaulay Road,North Melbourne VIC 3051,771,-,2,2,1,-,Apartment,"$725,000",-,-,https://www.onthehouse.com.au/property-for-sale/vic/north-melbourne-3051/m1110-168-macaulay-rd-north-melbourne-vic-3051-11311734
FOR SALE,-,-,64,-,1,1,1,-,Unit,"$265,000 to $285,000",-,-,https://www.onthehouse.com.au/property-for-sale/vic/noble-park-3174/214-51--53-buckley-st-noble-park-vic-3174-11593599
FOR SALE,1/70 Racecourse Road,North Melbourne VIC 3051,55,-,-,-,-,-,Commercial,"$205,000 Ex GST",-,-,https://www.onthehouse.com.au/property-for-sale/vic/north-melbourne-3051/1-70-racecourse-rd-north-melbourne-vic-3051-11625777
FOR SALE,5/22 French Avenue,Northcote VIC 3070,-,-,3,2,1,-,Townhouse,"$800,000 - $850,000",-,-,https://www.onthehouse.com.au/property-for-sale/vic/northcote-3070/5-22-french-ave-northcote-vic-3070-4085616
FOR SALE,411/421 High Street,Northcote VIC 3070,-,-,2,2,1,-,Apartment,CONTACT AGENT,-,-,https://www.onthehouse.com.au/property-for-sale/vic/northcote-3070/411-421-high-st-northcote-vic-3070-2290831
FOR SALE,-,-,115,-,-,-,13,-,Commercial,"$60,000 pa + GST",-,-,https://www.onthehouse.com.au/property-for-sale/vic/niddrie-3042/10-treadwell-rd-niddrie-vic-3042-10197206
FOR SALE,181 Abbotsford Street,North Melbourne VIC 3051,-,-,2,1,-,-,House,"$1,195,000 - $1,250,000",-,-,https://www.onthehouse.com.au/property-for-sale/vic/north-melbourne-3051/181-abbotsford-st-north-melbourne-vic-3051-4304991
FOR SALE,6/25A Leonard Avenue,Noble Park VIC 3174,-,-,2,2,2,-,Townhouse,"$499,000",-,-,https://www.onthehouse.com.au/property-for-sale/vic/noble-park-3174/6-25a-leonard-ave-noble-park-vic-3174-4295035
FOR SALE,9/137 Corrigan Road,Noble Park VIC 3174,-,-,1,1,1,-,Apartment,"$229,000",-,-,https://www.onthehouse.com.au/property-for-sale/vic/noble-park-3174/9-137-corrigan-rd-noble-park-vic-3174-11607079
FOR SALE,4/80 Corrigan Road,Noble Park VIC 3174,-,146,2,1,1,-,Unit,"$480,000 - $528,000",-,-,https://www.onthehouse.com.au/property-for-sale/vic/noble-park-3174/4-80-corrigan-rd-noble-park-vic-3174-11567723
FOR SALE,367-369 Princes Highway,Noble Park VIC 3174,16,-,-,-,-,-,Commercial,Contact Agent,-,-,https://www.onthehouse.com.au/property-for-sale/vic/noble-park-3174/367--369-princes-hwy-noble-park-vic-3174-10310327
FOR SALE,5/19 Stuart Street,Noble Park VIC 3174,-,-,3,1,1,-,Townhouse,"$465,000",-,-,https://www.onthehouse.com.au/property-for-sale/vic/noble-park-3174/5-19-stuart-st-noble-park-vic-3174-3569402
FOR SALE,-,-,-,-,2,1,1,-,Apartment,"$490,000 - $530,000",-,-,https://www.onthehouse.com.au/property-for-sale/vic/north-melbourne-3051/207-139-chetwynd-st-north-melbourne-vic-3051-11568586
FOR SALE,-,-,62,-,-,-,-,-,Commercial,-,-,-,https://www.onthehouse.com.au/property-for-sale/vic/noble-park-3174/1-51--53-buckley-st-noble-park-vic-3174-11000178
FOR SALE,-,-,-,286,3,2,2,-,Townhouse,"$766,999",-,-,https://www.onthehouse.com.au/property-for-sale/vic/noble-park-3174/32-41--51-callander-rd-noble-park-vic-3174-11645011
FOR SALE,7 Blaby Street,Noble Park VIC 3174,-,-,5,2,1,-,House,UNDER CONTRACT,-,-,https://www.onthehouse.com.au/property-for-sale/vic/noble-park-3174/7-blaby-st-noble-park-vic-3174-11597814
FOR SALE,5/19 Stuart Street,Noble Park VIC 3174,-,-,3,1,1,-,Townhouse,"$465,000",-,-,https://www.onthehouse.com.au/property-for-sale/vic/noble-park-3174/5-19-stuart-st-noble-park-vic-3174-10083064
FOR SALE,62 High Street,Northcote VIC 3070,96,-,-,-,2,-,Commercial,-,-,-,https://www.onthehouse.com.au/property-for-sale/vic/northcote-3070/62-high-st-northcote-vic-3070-10337843
FOR SALE,25 Henry Street,Noble Park VIC 3174,-,-,3,1,1,-,House,Please Call,-,-,https://www.onthehouse.com.au/property-for-sale/vic/noble-park-3174/25-henry-st-noble-park-vic-3174-10636342
FOR SALE,306/188 Peel Street,North Melbourne VIC 3051,-,-,1,1,-,-,Apartment,"$140,000 - $149,000",-,-,https://www.onthehouse.com.au/property-for-sale/vic/north-melbourne-3051/306-188-peel-st-north-melbourne-vic-3051-3793563
FOR SALE,218 Corrigan Road,Noble Park VIC 3174,-,-,4,3,2,-,House,P.O.A.,-,-,https://www.onthehouse.com.au/property-for-sale/vic/noble-park-3174/218-corrigan-rd-noble-park-vic-3174-11004867
FOR SALE,1/1283 Heatherton Road,Noble Park VIC 3174,-,330,3,1,1,-,Unit,"$480,000 to $520,000",-,-,https://www.onthehouse.com.au/property-for-sale/vic/noble-park-3174/1-1283-heatherton-rd-noble-park-vic-3174-11392845
FOR SALE,-,-,-,-,3,2,2,-,Townhouse,"$630,000 to $693,000",-,-,https://www.onthehouse.com.au/property-for-sale/vic/noble-park-3174/1--3-25-baldwin-ave-noble-park-vic-3174-11391402
FOR SALE,4/1 O'Connell Street,North Melbourne VIC 3051,35,-,1,1,-,-,Apartment,"$220,000",-,-,https://www.onthehouse.com.au/property-for-sale/vic/north-melbourne-3051/4-1-o-connell-st-north-melbourne-vic-3051-10458502
FOR SALE,3/10 Bloomfield Road,Noble Park VIC 3174,-,-,2,2,1,-,Unit,"$480,000 to $520,000",-,-,https://www.onthehouse.com.au/property-for-sale/vic/noble-park-3174/3-10-bloomfield-rd-noble-park-vic-3174-11603517
FOR SALE,1/7 Allan Street,Noble Park VIC 3174,-,-,3,1,2,-,Unit,-,-,-,https://www.onthehouse.com.au/property-for-sale/vic/noble-park-3174/1-7-allan-st-noble-park-vic-3174-4008871
FOR SALE,1/57 Yarraman Road,Noble Park VIC 3174,-,-,5,2,2,-,House,"$729,000",-,-,https://www.onthehouse.com.au/property-for-sale/vic/noble-park-3174/1-57-yarraman-rd-noble-park-vic-3174-10083153
FOR SALE,9/137 Corrigan Road,Noble Park VIC 3174,-,-,1,1,1,-,Apartment,"$229,000",-,-,https://www.onthehouse.com.au/property-for-sale/vic/noble-park-3174/9-137-corrigan-rd-noble-park-vic-3174-11606995
FOR SALE,62 Callander Road,Noble Park VIC 3174,-,806,4,2,5,-,House,"$850,000",-,-,https://www.onthehouse.com.au/property-for-sale/vic/noble-park-3174/62-callander-rd-noble-park-vic-3174-10979468
FOR SALE,3/122 Lightwood Road,Noble Park VIC 3174,-,-,3,2,2,-,Unit,"$630,000",-,-,https://www.onthehouse.com.au/property-for-sale/vic/noble-park-3174/3-122-lightwood-rd-noble-park-vic-3174-4184878
FOR SALE,26 Lawn Road,Noble Park VIC 3174,-,620,3,1,1,-,House,"$600,000 - $660,000 AUCTION THIS SATURDAY @ 2PM",-,-,https://www.onthehouse.com.au/property-for-sale/vic/noble-park-3174/26-lawn-rd-noble-park-vic-3174-11586722
FOR SALE,-,-,-,-,2,1,1,-,Unit,"$314,950",-,-,https://www.onthehouse.com.au/property-for-sale/vic/noble-park-3174/105-51--53-buckley-st-noble-park-vic-3174-11108501
FOR SALE,1/8 Lesley Grove,Noble Park VIC 3174,-,229,3,2,2,-,Townhouse,"$650,000 - $715,000",-,-,https://www.onthehouse.com.au/property-for-sale/vic/noble-park-3174/1-8-lesley-gr-noble-park-vic-3174-11560646
FOR SALE,3/80 Corrigan Road,Noble Park VIC 3174,-,101,2,1,1,-,House,"$530,000 - $583,000",-,-,https://www.onthehouse.com.au/property-for-sale/vic/noble-park-3174/3-80-corrigan-rd-noble-park-vic-3174-11562230
FOR SALE,17 Baldwin Avenue,Noble Park VIC 3174,-,-,4,2,-,-,House,"Price by Negotiation $780,000 - $850,000",-,-,https://www.onthehouse.com.au/property-for-sale/vic/noble-park-3174/17-baldwin-ave-noble-park-vic-3174-11660919
FOR SALE,106 Goodman Drive,Noble Park VIC 3174,-,526,4,2,2,-,House,Closing Date Sale,-,-,https://www.onthehouse.com.au/property-for-sale/vic/noble-park-3174/106-goodman-dr-noble-park-vic-3174-4383737
FOR SALE,1270 Heatherton Road,Noble Park VIC 3174,100,-,-,-,-,-,Commercial,"$535,000-$575,000",-,-,https://www.onthehouse.com.au/property-for-sale/vic/noble-park-3174/1270-heatherton-rd-noble-park-vic-3174-10693451
FOR SALE,3/9 Knox Street,Noble Park VIC 3174,-,-,3,2,1,-,Townhouse,"$599,000",-,-,https://www.onthehouse.com.au/property-for-sale/vic/noble-park-3174/3-9-knox-st-noble-park-vic-3174-2897591
FOR SALE,3 Rex Court,Noble Park VIC 3174,-,-,2,1,1,-,Townhouse,"Private Sale $470,000 - $510,000",-,-,https://www.onthehouse.com.au/property-for-sale/vic/noble-park-3174/3-rex-ct-noble-park-vic-3174-2930234
FOR SALE,-,-,20,-,-,-,1,-,Commercial,"$8,500.00 pa + Inc Outgoings",-,-,https://www.onthehouse.com.au/property-for-sale/vic/north-melbourne-3051/office-6-70-racecourse-rd-north-melbourne-vic-3051-10184574
FOR SALE,117/58 Douglas Street,Noble Park VIC 3174,-,-,-,1,-,-,Studio,"$89,000",-,-,https://www.onthehouse.com.au/property-for-sale/vic/noble-park-3174/117-58-douglas-st-noble-park-vic-3174-3282547
FOR SALE,-,-,-,-,2,1,1,-,Apartment,"$385,000",-,-,https://www.onthehouse.com.au/property-for-sale/vic/noble-park-3174/305-51--53-buckley-st-noble-park-vic-3174-11647054
FOR SALE,-,-,277,-,-,-,4,-,Commercial,-,-,-,https://www.onthehouse.com.au/property-for-sale/vic/nunawading-3131/3-37-rooks-rd-nunawading-vic-3131-11109247
FOR SALE,6/25A Leonard Avenue,Noble Park VIC 3174,-,-,2,2,2,-,Townhouse,"$499,000",-,-,https://www.onthehouse.com.au/property-for-sale/vic/noble-park-3174/6-25a-leonard-ave-noble-park-vic-3174-11382223
FOR SALE,-,-,-,-,1,1,-,-,Unit,"$86,000",-,-,https://www.onthehouse.com.au/property-for-sale/vic/noble-park-3174/g15-58-douglas-st-noble-park-vic-3174-10674229
FOR SALE,164 Rooks Road,Nunawading VIC 3131,547,752,-,-,-,-,Commercial,-,-,-,https://www.onthehouse.com.au/property-for-sale/vic/nunawading-3131/164-rooks-rd-nunawading-vic-3131-11493369
FOR SALE,302/16-22 Cobden Street,North Melbourne VIC 3051,-,-,1,1,1,-,Apartment,"$438,800",-,-,https://www.onthehouse.com.au/property-for-sale/vic/north-melbourne-3051/302-16--22-cobden-st-north-melbourne-vic-3051-10924396
FOR SALE,239A St Georges Road,Northcote VIC 3070,46,-,-,-,-,-,Commercial,"$420,000",-,-,https://www.onthehouse.com.au/property-for-sale/vic/northcote-3070/239a-st-georges-rd-northcote-vic-3070-10800379
FOR SALE,-,-,-,-,3,3,1,-,Apartment,-,-,-,https://www.onthehouse.com.au/property-for-sale/vic/north-melbourne-3051/g01-85-leveson-st-north-melbourne-vic-3051-11636656
FOR SALE,-,-,178,178,-,-,6,-,Commercial,HIGHLY MOTIVATED VENDOR,-,-,https://www.onthehouse.com.au/property-for-sale/vic/notting-hill-3168/2-752-blackburn-rd-notting-hill-vic-3168-10227477
FOR SALE,70 Hedge End Road,Nunawading VIC 3131,-,646,3,1,2,-,House,"$1,150,000 - $1,260,000",-,-,https://www.onthehouse.com.au/property-for-sale/vic/nunawading-3131/70-hedge-end-rd-nunawading-vic-3131-3814788
FOR SALE,13/352 Victoria Street,North Melbourne VIC 3051,-,-,1,1,-,-,Apartment,"$345,000 - $365,000",-,-,https://www.onthehouse.com.au/property-for-sale/vic/north-melbourne-3051/13-352-victoria-st-north-melbourne-vic-3051-11600474
FOR SALE,104A/168 Victoria Road,Northcote VIC 3070,-,-,2,1,1,-,Unit,"$430,000 - $450,000",-,-,https://www.onthehouse.com.au/property-for-sale/vic/northcote-3070/104a-168-victoria-rd-northcote-vic-3070-4009577
FOR SALE,-,-,-,21,4,3,2,-,House,"$2,000,000 - $2,200,000",-,-,https://www.onthehouse.com.au/property-for-sale/vic/nutfield-3099/710-hurstbridge-arthurs-creek-rd-nutfield-vic-3099-11584213
FOR SALE,313/51-53 Buckley Street,Noble Park VIC 3174,-,-,2,1,1,-,Apartment,"Price by Negotiation $310,000 - $340,000",-,-,https://www.onthehouse.com.au/property-for-sale/vic/noble-park-3174/313-51--53-buckley-st-noble-park-vic-3174-11531117
FOR SALE,583 Keilor Road,Niddrie VIC 3042,386,-,-,-,5,-,Commercial,-,-,-,https://www.onthehouse.com.au/property-for-sale/vic/niddrie-3042/583-keilor-rd-niddrie-vic-3042-10877208
FOR SALE,-,-,-,198,3,2,1,-,Townhouse,"$721,500",-,-,https://www.onthehouse.com.au/property-for-sale/vic/noble-park-3174/26-41--51-callander-rd-noble-park-vic-3174-11644933
FOR SALE,4/47 Ellt Crescent,Noble Park VIC 3174,-,-,3,1,2,-,Unit,Buy now!,-,-,https://www.onthehouse.com.au/property-for-sale/vic/noble-park-3174/4-47-ellt-cres-noble-park-vic-3174-11337249
FOR SALE,101/188 Peel Street,North Melbourne VIC 3051,-,-,1,1,-,-,Apartment,"$165,000 - $175,000",-,-,https://www.onthehouse.com.au/property-for-sale/vic/north-melbourne-3051/101-188-peel-st-north-melbourne-vic-3051-3457490
FOR SALE,408/179 Boundary Road,North Melbourne VIC 3051,-,-,2,2,1,-,Apartment,Contact Agent,-,-,https://www.onthehouse.com.au/property-for-sale/vic/north-melbourne-3051/408-179-boundary-rd-north-melbourne-vic-3051-3475237
FOR SALE,241 Springvale Road,Nunawading VIC 3131,-,665,2,2,1,-,House,"Above $930,000",-,-,https://www.onthehouse.com.au/property-for-sale/vic/nunawading-3131/241-springvale-rd-nunawading-vic-3131-11627566
FOR SALE,1/19-21 Ardgower Road,Noble Park VIC 3174,-,-,2,1,1,-,Unit,"Price by Negotiation $285,000 - $295,000",-,-,https://www.onthehouse.com.au/property-for-sale/vic/noble-park-3174/1-19--21-ardgower-rd-noble-park-vic-3174-10062620
FOR SALE,9 Chapman Street,North Melbourne VIC 3051,-,-,2,1,-,-,House,Contact Agent,-,-,https://www.onthehouse.com.au/property-for-sale/vic/north-melbourne-3051/9-chapman-st-north-melbourne-vic-3051-2258485
FOR SALE,-,-,457,-,-,-,-,-,Commercial,"Each $16,000-$19,000 pa + all outgoings + gst",-,-,https://www.onthehouse.com.au/property-for-sale/vic/noble-park-3174/4--6-35d--35f-buckley-st-noble-park-vic-3174-10795276
FOR SALE,2/1203 Heatherton Road,Noble Park VIC 3174,-,-,2,1,1,-,Unit,Under Contract,-,-,https://www.onthehouse.com.au/property-for-sale/vic/noble-park-3174/2-1203-heatherton-rd-noble-park-vic-3174-11596935
FOR SALE,412 Ferntree Gully Road,Notting Hill VIC 3168,163,-,-,-,-,-,Commercial,-,-,-,https://www.onthehouse.com.au/property-for-sale/vic/notting-hill-3168/412-ferntree-gully-rd-notting-hill-vic-3168-10710323
FOR SALE,3/6 Noble Street,Noble Park VIC 3174,-,-,2,2,1,-,House,"$420,000-$462,000",-,-,https://www.onthehouse.com.au/property-for-sale/vic/noble-park-3174/3-6-noble-st-noble-park-vic-3174-3478086
FOR SALE,9 Lynette Court,Noble Park VIC 3174,-,570,3,1,2,-,House,"Private Sale $669,000",-,-,https://www.onthehouse.com.au/property-for-sale/vic/noble-park-3174/9-lynette-ct-noble-park-vic-3174-4389932
FOR SALE,-,-,-,-,2,1,1,-,Apartment,"Inspect Now!  $290,000 - $310,000",-,-,https://www.onthehouse.com.au/property-for-sale/vic/noble-park-3174/205-51--53-buckley-st-noble-park-vic-3174-11569080
FOR SALE,91/171 Flemington Road,North Melbourne VIC 3051,-,-,2,1,1,-,Apartment,For Sale,-,-,https://www.onthehouse.com.au/property-for-sale/vic/north-melbourne-3051/91-171-flemington-rd-north-melbourne-vic-3051-4382711
FOR SALE,40 Agnes Street,Noble Park VIC 3174,-,966,2,1,-,-,House,"PRICE GUIDE $1,200,000 - $1,320,000",-,-,https://www.onthehouse.com.au/property-for-sale/vic/noble-park-3174/40-agnes-st-noble-park-vic-3174-10226802
FOR SALE,465 Keilor Road,Niddrie VIC 3042,165,-,-,-,2,-,Commercial,-,-,-,https://www.onthehouse.com.au/property-for-sale/vic/niddrie-3042/465-keilor-rd-niddrie-vic-3042-10455707
FOR SALE,-,-,-,-,2,1,1,-,Unit,"$330,000 to $360,000",-,-,https://www.onthehouse.com.au/property-for-sale/vic/noble-park-3174/209-51--53-buckley-st-noble-park-vic-3174-11006242
FOR SALE,25 Worrell Street,Nunawading VIC 3131,110,190,-,-,-,-,Commercial,Price Upon Application,-,-,https://www.onthehouse.com.au/property-for-sale/vic/nunawading-3131/25-worrell-st-nunawading-vic-3131-11535305
FOR SALE,108/58 Douglas Street,Noble Park VIC 3174,-,-,1,1,1,-,Apartment,"$79,000",-,-,https://www.onthehouse.com.au/property-for-sale/vic/noble-park-3174/108-58-douglas-st-noble-park-vic-3174-10080445
FOR SALE,310/97 Flemington Road,North Melbourne VIC 3051,-,-,1,1,-,-,Apartment,"$325,000",-,-,https://www.onthehouse.com.au/property-for-sale/vic/north-melbourne-3051/310-97-flemington-rd-north-melbourne-vic-3051-4360095
FOR SALE,-,-,-,-,3,2,2,-,Townhouse,Contact Agent,-,-,https://www.onthehouse.com.au/property-for-sale/vic/noble-park-3174/122--123-lightwood-rd-noble-park-vic-3174-11005685
FOR SALE,17/42 Liege Avenue,Noble Park VIC 3174,-,-,3,2,2,-,Townhouse,"Private Sale $590,000 - $640,000",-,-,https://www.onthehouse.com.au/property-for-sale/vic/noble-park-3174/17-42-liege-ave-noble-park-vic-3174-4004005
FOR SALE,27 Finch Street,Notting Hill VIC 3168,-,-,3,2,2,-,Townhouse,CONSTRUCTION COMMENCED,-,-,https://www.onthehouse.com.au/property-for-sale/vic/notting-hill-3168/27-finch-st-notting-hill-vic-3168-10392215
FOR SALE,7/36 Stuart Street,Noble Park VIC 3174,-,-,2,2,2,-,Townhouse,"$450,000 - $490,000",-,-,https://www.onthehouse.com.au/property-for-sale/vic/noble-park-3174/7-36-stuart-st-noble-park-vic-3174-4304644
FOR SALE,-,-,-,978,3,1,1,-,Land,"$950,000 - $975,000",-,-,https://www.onthehouse.com.au/property-for-sale/vic/noble-park-3174/56-nocklods-crescent-noble-park-vic-3174-11574526
FOR SALE,5 Maxwell Court,Noble Park VIC 3174,-,587,4,2,2,-,House,"Private Sale $680,000 - $745,000",-,-,https://www.onthehouse.com.au/property-for-sale/vic/noble-park-3174/5-maxwell-ct-noble-park-vic-3174-11573495
FOR SALE,318/51-53 Buckley Street,Noble Park VIC 3174,-,-,2,1,1,-,Apartment,"$385,000 SET PRICE",-,-,https://www.onthehouse.com.au/property-for-sale/vic/noble-park-3174/318-51--53-buckley-st-noble-park-vic-3174-10995397
FOR SALE,1173-1175 Heatherton Road,Noble Park VIC 3174,-,-,3,1,6,-,House,Please Call,-,-,https://www.onthehouse.com.au/property-for-sale/vic/noble-park-3174/1173--1175-heatherton-rd-noble-park-vic-3174-10204114
FOR SALE,-,-,-,91,3,2,2,-,Apartment,"$850,000",-,-,https://www.onthehouse.com.au/property-for-sale/vic/north-melbourne-3051/m1405-168-macaulay-rd-north-melbourne-vic-3051-11185009
FOR SALE,2/5 Reark Avenue,Noble Park VIC 3174,-,-,3,1,2,-,Unit,Under Contract,-,-,https://www.onthehouse.com.au/property-for-sale/vic/noble-park-3174/2-5-reark-ave-noble-park-vic-3174-3269902
FOR SALE,-,-,-,242,2,2,1,-,Townhouse,"$635,500",-,-,https://www.onthehouse.com.au/property-for-sale/vic/noble-park-3174/30-41--51-callander-rd-noble-park-vic-3174-11645012
FOR SALE,14/1 Eucalyptus Mews,Notting Hill VIC 3168,-,-,2,1,1,-,Apartment,INSPECTION BOOKING ESSENTIAL,-,-,https://www.onthehouse.com.au/property-for-sale/vic/notting-hill-3168/14-1-eucalyptus-mews-notting-hill-vic-3168-11084550
FOR SALE,5/125 Chandler Road,Noble Park VIC 3174,-,-,3,1,2,-,Apartment,-,-,-,https://www.onthehouse.com.au/property-for-sale/vic/noble-park-3174/5-125-chandler-rd-noble-park-vic-3174-4078627
FOR SALE,-,-,330,-,-,-,20,-,Commercial,-,-,-,https://www.onthehouse.com.au/property-for-sale/vic/nunawading-3131/60-norcal-rd-nunawading-vic-3131-10305682
FOR SALE,13 Villiers Street,North Melbourne VIC 3051,-,-,3,2,1,-,Townhouse,"$1,295,000",-,-,https://www.onthehouse.com.au/property-for-sale/vic/north-melbourne-3051/13-villiers-st-north-melbourne-vic-3051-3820641
FOR SALE,5/14-18 Springvale Road,Nunawading VIC 3131,-,163,2,1,1,-,Unit,"$480,000 - $510,000",-,-,https://www.onthehouse.com.au/property-for-sale/vic/nunawading-3131/5-14--18-springvale-rd-nunawading-vic-3131-3981778
FOR SALE,-,-,-,-,1,1,-,-,Unit,"$86,000",-,-,https://www.onthehouse.com.au/property-for-sale/vic/noble-park-3174/g15-58-douglas-st-noble-park-vic-3174-2278694
FOR SALE,69C Hotham Road,Niddrie VIC 3042,65,-,-,-,-,-,Commercial,-,-,-,https://www.onthehouse.com.au/property-for-sale/vic/niddrie-3042/69c-hotham-rd-niddrie-vic-3042-11103796
FOR SALE,3/114 Railway Parade,Noble Park VIC 3174,-,-,2,1,1,-,Unit,"$410,000 - $450,000",-,-,https://www.onthehouse.com.au/property-for-sale/vic/noble-park-3174/3-114-railway-pde-noble-park-vic-3174-4305357
FOR SALE,141 Springvale Road,Nunawading VIC 3131,-,-,-,-,-,-,Commercial,"$865,000",-,-,https://www.onthehouse.com.au/property-for-sale/vic/nunawading-3131/141-springvale-rd-nunawading-vic-3131-11383397
FOR SALE,3/108 Buckley Street,Noble Park VIC 3174,-,-,3,2,2,-,Townhouse,"Price by Negotiation $580,000 - $638,000",-,-,https://www.onthehouse.com.au/property-for-sale/vic/noble-park-3174/3-108-buckley-st-noble-park-vic-3174-11523880
FOR SALE,-,-,-,-,1,1,1,-,Apartment,"$340,000 to $375,000",-,-,https://www.onthehouse.com.au/property-for-sale/vic/north-melbourne-3051/403-9--13-o-connell-st-north-melbourne-vic-3051-11610120
FOR SALE,5 Jasmine Drive,Noble Park VIC 3174,-,-,3,2,1,-,Townhouse,"$610,000 to $670,000",-,-,https://www.onthehouse.com.au/property-for-sale/vic/noble-park-3174/5-jasmine-dr-noble-park-vic-3174-10993717
FOR SALE,-,-,-,-,1,1,1,-,Apartment,"$350,000",-,-,https://www.onthehouse.com.au/property-for-sale/vic/north-melbourne-3051/206-139-chetwynd-st-north-melbourne-vic-3051-10444083
FOR SALE,79 High Street,Northcote VIC 3070,85,-,-,-,-,-,Commercial,-,-,-,https://www.onthehouse.com.au/property-for-sale/vic/northcote-3070/79-high-st-northcote-vic-3070-10895037
FOR SALE,4 Duncan Court,Noble Park VIC 3174,-,553,3,1,2,-,House,"Buy Now! $685,000 to $750,000",-,-,https://www.onthehouse.com.au/property-for-sale/vic/noble-park-3174/4-duncan-ct-noble-park-vic-3174-11594095
FOR SALE,-,-,-,-,4,2,2,-,Townhouse,"$630,000 to $680,000",-,-,https://www.onthehouse.com.au/property-for-sale/vic/noble-park-3174/2-161-noble-st-noble-park-vic-3174-11664986
FOR SALE,3/7 Allan Street,Noble Park VIC 3174,-,-,2,1,1,-,Unit,"Private Sale $450,000 - $490,000",-,-,https://www.onthehouse.com.au/property-for-sale/vic/noble-park-3174/3-7-allan-st-noble-park-vic-3174-4300804
FOR SALE,-,-,-,-,2,1,1,-,Townhouse,"From $559,000",-,-,https://www.onthehouse.com.au/property-for-sale/vic/noble-park-3174/2--7-156--15-corrigan-rd-noble-park-vic-3174-11543513
FOR SALE,803/179 Boundary Road,North Melbourne VIC 3051,-,-,2,1,1,-,Apartment,"Private Sale $445,000",-,-,https://www.onthehouse.com.au/property-for-sale/vic/north-melbourne-3051/803-179-boundary-rd-north-melbourne-vic-3051-2147733
FOR SALE,-,-,-,-,3,3,2,-,House,"Private Sale $640,000 - $680,000",-,-,https://www.onthehouse.com.au/property-for-sale/vic/noble-park-3174/1---3-39-ellt-cres-noble-park-vic-3174-11626300
FOR SALE,21 Arnold Street,Noble Park VIC 3174,-,836,3,1,2,-,House,"Private Sale $770,000 - $799,000",-,-,https://www.onthehouse.com.au/property-for-sale/vic/noble-park-3174/21-arnold-st-noble-park-vic-3174-4291042
FOR SALE,-,-,83,-,2,2,1,-,Apartment,"$715,000",-,-,https://www.onthehouse.com.au/property-for-sale/vic/north-melbourne-3051/m1009-168-macaulay-rd-north-melbourne-vic-3051-11125343
FOR SALE,G1/139 Chetwynd Street,North Melbourne VIC 3051,-,-,2,1,1,-,Apartment,-,-,-,https://www.onthehouse.com.au/property-for-sale/vic/north-melbourne-3051/g1-139-chetwynd-st-north-melbourne-vic-3051-3591192
FOR SALE,6/401-403 Princes Highway,Noble Park VIC 3174,220,-,-,-,3,-,Commercial,-,-,-,https://www.onthehouse.com.au/property-for-sale/vic/noble-park-3174/6-401--403-princes-hwy-noble-park-vic-3174-10642795
FOR SALE,3/32 Fintonia Road,Noble Park VIC 3174,-,-,2,1,1,-,Unit,"$299,000",-,-,https://www.onthehouse.com.au/property-for-sale/vic/noble-park-3174/3-32-fintonia-rd-noble-park-vic-3174-2898080
FOR SALE,-,-,50,-,-,-,1,-,Commercial,"$16,500pa + GST",-,-,https://www.onthehouse.com.au/property-for-sale/vic/north-melbourne-3051/suite-9a-75----79-chetwynd-st-north-melbourne-vic-3051-11030484
FOR SALE,7 Avard Court,Noble Park VIC 3174,-,-,4,2,4,-,House,"$749,000",-,-,https://www.onthehouse.com.au/property-for-sale/vic/noble-park-3174/7-avard-ct-noble-park-vic-3174-10553663
FOR SALE,6/24-28 Yarraman Road,Noble Park VIC 3174,-,-,2,1,2,-,Unit,"$380,000 - $418,000",-,-,https://www.onthehouse.com.au/property-for-sale/vic/noble-park-3174/6-24--28-yarraman-rd-noble-park-vic-3174-11614359
FOR SALE,-,-,-,-,2,2,1,-,Apartment,LAST INSPECTION WK. BEFORE X-MAS,-,-,https://www.onthehouse.com.au/property-for-sale/vic/notting-hill-3168/662-blackburn-rd-notting-hill-vic-3168-10059399
FOR SALE,62 Callander Road,Noble Park VIC 3174,-,794,4,2,4,-,House,"$790,000 - $869,000",-,-,https://www.onthehouse.com.au/property-for-sale/vic/noble-park-3174/62-callander-rd-noble-park-vic-3174-4078480
FOR SALE,11 Curzon Place,North Melbourne VIC 3051,-,-,3,2,1,-,Townhouse,"$910,000",-,-,https://www.onthehouse.com.au/property-for-sale/vic/north-melbourne-3051/11-curzon-pl-north-melbourne-vic-3051-11582305
FOR SALE,3/32 Fintonia Road,Noble Park VIC 3174,-,-,2,1,1,-,Unit,"$299,000",-,-,https://www.onthehouse.com.au/property-for-sale/vic/noble-park-3174/3-32-fintonia-rd-noble-park-vic-3174-10158537
FOR SALE,16/60 Oshanassy Street,North Melbourne VIC 3051,-,-,1,1,-,-,Apartment,Contact Agent,-,-,https://www.onthehouse.com.au/property-for-sale/vic/north-melbourne-3051/16-60-oshanassy-st-north-melbourne-vic-3051-11662118
FOR SALE,6/369 Abbotsford Street,North Melbourne VIC 3051,-,-,2,1,1,-,Apartment,Auction,-,-,https://www.onthehouse.com.au/property-for-sale/vic/north-melbourne-3051/6-369-abbotsford-st-north-melbourne-vic-3051-11650841
FOR SALE,114 Hotham Road,Niddrie VIC 3042,-,650,3,2,2,-,House,Approved Plans And Permits,-,-,https://www.onthehouse.com.au/property-for-sale/vic/niddrie-3042/114-hotham-rd-niddrie-vic-3042-10554550
FOR SALE,16/442 High Street,Northcote VIC 3070,-,-,2,1,1,-,Apartment,"$485,000 - $530,000",-,-,https://www.onthehouse.com.au/property-for-sale/vic/northcote-3070/16-442-high-st-northcote-vic-3070-11576619
FOR SALE,-,-,243,-,4,3,2,-,Townhouse,"$1,670,000",-,-,https://www.onthehouse.com.au/property-for-sale/vic/north-melbourne-3051/15-68--74a-chapman-st-north-melbourne-vic-3051-3771028
FOR SALE,206 Buckley Street,Noble Park VIC 3174,-,528,4,2,5,-,House,"Private Sale $740,000 - $780,000",-,-,https://www.onthehouse.com.au/property-for-sale/vic/noble-park-3174/206-buckley-st-noble-park-vic-3174-11575969
FOR SALE,-,-,190,250,3,2,1,-,Townhouse,Contact Agent,-,-,https://www.onthehouse.com.au/property-for-sale/vic/noble-park-3174/2-3-4-5-6-7-8-122--123-lightwood-rd-noble-park-vic-3174-11662741
FOR SALE,1221 Heatherton Road,Noble Park VIC 3174,-,-,3,1,6,-,House,PRICE UP ON APPLICATION,-,-,https://www.onthehouse.com.au/property-for-sale/vic/noble-park-3174/1221-heatherton-rd-noble-park-vic-3174-3478144
FOR SALE,-,-,50,-,-,-,2,-,Commercial,"$350,000",-,-,https://www.onthehouse.com.au/property-for-sale/vic/notting-hill-3168/suite-20-27--31-duerdin-st-notting-hill-vic-3168-11676965
FOR SALE,-,-,200,-,-,-,-,-,Commercial,-,-,-,https://www.onthehouse.com.au/property-for-sale/vic/niddrie-3042/182-keilor-rd-niddrie-vic-3042-10294488
FOR SALE,-,-,-,150,4,3,2,-,Apartment,"$1,770,000",-,-,https://www.onthehouse.com.au/property-for-sale/vic/north-melbourne-3051/m1505-168-macaulay-rd-north-melbourne-vic-3051-11211630
FOR SALE,-,-,50,-,-,-,1,-,Commercial,"$13,400.00 pa + GST",-,-,https://www.onthehouse.com.au/property-for-sale/vic/north-melbourne-3051/suite-3-75--79-chetwynd-st-north-melbourne-vic-3051-11085680
FOR SALE,10/1231-1235 Heatherton Road,Noble Park VIC 3174,-,-,3,2,3,-,Townhouse,"$560,000 - $615,000",-,-,https://www.onthehouse.com.au/property-for-sale/vic/noble-park-3174/10-1231--1235-heatherton-rd-noble-park-vic-3174-3895660
FOR SALE,-,-,-,-,2,2,2,-,House,"$580,000 - $638,000",-,-,https://www.onthehouse.com.au/property-for-sale/vic/noble-park-3174/1--5-27-french-st-noble-park-vic-3174-4336834
FOR SALE,2/24 Agnes Street,Noble Park VIC 3174,-,145,2,1,1,2014,Townhouse,Move in Now - Vacant,-,-,https://www.onthehouse.com.au/property-for-sale/vic/noble-park-3174/2-24-agnes-st-noble-park-vic-3174-4168105
FOR SALE,218 Railway Parade,Noble Park VIC 3174,-,-,4,2,10,-,House,Please Call,-,-,https://www.onthehouse.com.au/property-for-sale/vic/noble-park-3174/218-railway-pde-noble-park-vic-3174-3618081
FOR SALE,-,-,320,-,3,2,2,-,Townhouse,-,-,-,https://www.onthehouse.com.au/property-for-sale/vic/north-melbourne-3051/1-little-lothian-st-s-north-melbourne-vic-3051-11647866
FOR SALE,-,-,-,262,3,2,2,-,Townhouse,"$766,999",-,-,https://www.onthehouse.com.au/property-for-sale/vic/noble-park-3174/36-41--51-callander-rd-noble-park-vic-3174-11645010
FOR SALE,1/9 Wall Street,Noble Park VIC 3174,-,-,3,3,2,-,Townhouse,"Private Sale $690,000 - $759,000",-,-,https://www.onthehouse.com.au/property-for-sale/vic/noble-park-3174/1-9-wall-st-noble-park-vic-3174-11570350
FOR SALE,-,-,164,-,-,-,-,-,Commercial,"$71,700 pa + GST",-,-,https://www.onthehouse.com.au/property-for-sale/vic/niddrie-3042/shop-3-326-keilor-rd-niddrie-vic-3042-10309981
FOR SALE,7/36 Stuart Street,Noble Park VIC 3174,-,-,2,2,2,-,Townhouse,"$450,000 - $490,000",-,-,https://www.onthehouse.com.au/property-for-sale/vic/noble-park-3174/7-36-stuart-st-noble-park-vic-3174-11392054
FOR SALE,1/18 James Street,Noble Park VIC 3174,-,-,3,1,1,-,Townhouse,"Private Sale $480,000 - $525,000",-,-,https://www.onthehouse.com.au/property-for-sale/vic/noble-park-3174/1-18-james-st-noble-park-vic-3174-2466197
FOR SALE,6/135-139 Chandler Road,Noble Park VIC 3174,-,-,3,2,2,-,Unit,Contact Agent,-,-,https://www.onthehouse.com.au/property-for-sale/vic/noble-park-3174/6-135--139-chandler-rd-noble-park-vic-3174-4352498
FOR SALE,403/179 Boundary Road,North Melbourne VIC 3051,-,-,2,1,1,-,Apartment,"$410,000 - $445,000",-,-,https://www.onthehouse.com.au/property-for-sale/vic/north-melbourne-3051/403-179-boundary-rd-north-melbourne-vic-3051-11664939
FOR SALE,4/1227-1229 Heatherton Road,Noble Park VIC 3174,-,-,2,1,1,-,Townhouse,"$490,000 - $530,000",-,-,https://www.onthehouse.com.au/property-for-sale/vic/noble-park-3174/4-1227--1229-heatherton-rd-noble-park-vic-3174-11569307
FOR SALE,-,-,-,-,3,2,2,-,Unit,"$600,000 to $660,000",-,-,https://www.onthehouse.com.au/property-for-sale/vic/noble-park-3174/1-3-bloomfield-rd-noble-park-vic-3174-10989580
FOR SALE,338B Keilor Road,Niddrie VIC 3042,-,-,-,-,-,-,Commercial,MAKE AN OFFER,-,-,https://www.onthehouse.com.au/property-for-sale/vic/niddrie-3042/338b-keilor-rd-niddrie-vic-3042-10037243
FOR SALE,8/20-24 Noble Street,Noble Park VIC 3174,-,-,1,1,1,-,Unit,For sale now!,-,-,https://www.onthehouse.com.au/property-for-sale/vic/noble-park-3174/8-20--24-noble-st-noble-park-vic-3174-10315093
FOR SALE,5/34 Kelvinside Road,Noble Park VIC 3174,-,-,3,1,1,-,Townhouse,"$519,000",-,-,https://www.onthehouse.com.au/property-for-sale/vic/noble-park-3174/5-34-kelvinside-rd-noble-park-vic-3174-3220613
FOR SALE,2/24-28 Yarraman Road,Noble Park VIC 3174,-,-,2,1,1,-,Unit,"Price by Negotiation $395,000 - $430,000",-,-,https://www.onthehouse.com.au/property-for-sale/vic/noble-park-3174/2-24--28-yarraman-rd-noble-park-vic-3174-11625370
FOR SALE,-,-,-,-,3,2,2,-,Townhouse,Auction this Saturday @3:30pm,-,-,https://www.onthehouse.com.au/property-for-sale/vic/nunawading-3131/unit-3-253-springvale-rd-nunawading-vic-3131-11601530
FOR SALE,2/13 Flinders Street,Noble Park VIC 3174,-,-,2,1,1,-,Unit,UNDER CONTRACT,-,-,https://www.onthehouse.com.au/property-for-sale/vic/noble-park-3174/2-13-flinders-st-noble-park-vic-3174-11580119
FOR SALE,-,-,-,-,2,1,1,-,Townhouse,"From $559,000",-,-,https://www.onthehouse.com.au/property-for-sale/vic/noble-park-3174/2--7-156--15-corrigan-rd-noble-park-vic-3174-11543520
FOR SALE,406/1 Shiel Street,North Melbourne VIC 3051,80,-,2,2,1,-,Apartment,Auction Postponed,-,-,https://www.onthehouse.com.au/property-for-sale/vic/north-melbourne-3051/406-1-shiel-st-north-melbourne-vic-3051-11532474
FOR SALE,4 Cronulla Court,Noble Park VIC 3174,-,561,3,1,1,-,House,"Private Sale $680,000 - $720,000",-,-,https://www.onthehouse.com.au/property-for-sale/vic/noble-park-3174/4-cronulla-ct-noble-park-vic-3174-11545444
FOR SALE,2/108 Kelvinside Road,Noble Park VIC 3174,-,-,3,1,2,-,Unit,P.O.A.,-,-,https://www.onthehouse.com.au/property-for-sale/vic/noble-park-3174/2-108-kelvinside-rd-noble-park-vic-3174-10991259
FOR SALE,17/171 Flemington Road,North Melbourne VIC 3051,-,-,2,1,1,-,Apartment,"$540,000",-,-,https://www.onthehouse.com.au/property-for-sale/vic/north-melbourne-3051/17-171-flemington-rd-north-melbourne-vic-3051-4312181
FOR SALE,43 Liege Avenue,Noble Park VIC 3174,-,-,3,2,2,-,Townhouse,"Private Sale $640,000 - $670,000",-,-,https://www.onthehouse.com.au/property-for-sale/vic/noble-park-3174/43-liege-ave-noble-park-vic-3174-4005421
FOR SALE,-,-,25,-,-,-,-,-,Commercial,Contact Agent,-,-,https://www.onthehouse.com.au/property-for-sale/vic/niddrie-3042/level-2-326-keilor-rd-niddrie-vic-3042-10331671
FOR SALE,3/11 Nockolds Crescent,Noble Park VIC 3174,-,-,2,1,1,-,Townhouse,"Private Sale $520,000 - $560,000",-,-,https://www.onthehouse.com.au/property-for-sale/vic/noble-park-3174/3-11-nockolds-cres-noble-park-vic-3174-4133669
FOR SALE,-,-,-,-,1,1,-,-,Apartment,"Private Sale $339,000",-,-,https://www.onthehouse.com.au/property-for-sale/vic/north-melbourne-3051/209-9-o-connell-st-north-melbourne-vic-3051-10760049
FOR SALE,6 Wooral Court,Notting Hill VIC 3168,-,-,3,1,1,-,House,Auction,-,-,https://www.onthehouse.com.au/property-for-sale/vic/notting-hill-3168/6-wooral-ct-notting-hill-vic-3168-11649831
FOR SALE,2/232 Dryburgh Street,North Melbourne VIC 3051,-,-,2,1,-,2015,Apartment,"$500,000",-,-,https://www.onthehouse.com.au/property-for-sale/vic/north-melbourne-3051/2-232-dryburgh-st-north-melbourne-vic-3051-11571052
FOR SALE,107/416-420 Ferntree Gully Road,Notting Hill VIC 3168,-,-,1,1,1,-,Unit,"$380,000 - $418,000",-,-,https://www.onthehouse.com.au/property-for-sale/vic/notting-hill-3168/107-416--420-ferntree-gully-rd-notting-hill-vic-3168-11632106
