Status,Street,Suburb,Floor Area,Land Area,# Of Rooms,Baths,Parking,Year Built,Type,Listing Price,Sold Time,Sold Price,URL
FOR SALE,-,-,420,-,-,-,-,-,Commercial,-,-,-,https://www.onthehouse.com.au/property-for-sale/vic/albion-3020/2---3-2-carrington-dr-albion-vic-3020-10648401
FOR SALE,55 King Street,Airport West VIC 3042,986,1280,-,-,8,-,Commercial,-,-,-,https://www.onthehouse.com.au/property-for-sale/vic/airport-west-3042/55-king-st-airport-west-vic-3042-11052167
FOR SALE,504/11 Flockhart Street,Abbotsford VIC 3067,-,-,2,1,1,-,Apartment,"Private Sale $445,000",-,-,https://www.onthehouse.com.au/property-for-sale/vic/abbotsford-3067/504-11-flockhart-st-abbotsford-vic-3067-4290262
FOR SALE,17 John Street,Altona North VIC 3025,-,590,3,2,4,-,House,"$800,000 - $850,000",-,-,https://www.onthehouse.com.au/property-for-sale/vic/altona-north-3025/17-john-st-altona-north-vic-3025-11358667
FOR SALE,-,-,-,90,-,-,-,-,Commercial,-,-,-,https://www.onthehouse.com.au/property-for-sale/vic/altona-meadows-3028/shop-18---1--21-central-ave-altona-meadows-vic-3028-10380843
FOR SALE,9/28 Ridley Street,Albion VIC 3020,-,-,2,1,1,-,Apartment,"$255,000 to $285,000",-,-,https://www.onthehouse.com.au/property-for-sale/vic/albion-3020/9-28-ridley-st-albion-vic-3020-10881954
FOR SALE,3/16 Stapley Crescent,Altona North VIC 3025,-,-,3,1,1,-,Unit,"$580,000 - $620,000",-,-,https://www.onthehouse.com.au/property-for-sale/vic/altona-north-3025/3-16-stapley-cres-altona-north-vic-3025-11467717
FOR SALE,51 Suspension Street,Ardeer VIC 3022,-,604,3,1,1,-,House,"$690,000 - $740,000",-,-,https://www.onthehouse.com.au/property-for-sale/vic/ardeer-3022/51-suspension-st-ardeer-vic-3022-11538967
FOR SALE,8 Gordon Avenue S,Altona Meadows VIC 3028,-,682,4,2,6,-,House,Contact Agent - Open For Private Inspect,-,-,https://www.onthehouse.com.au/property-for-sale/vic/altona-meadows-3028/8-gordon-ave-s-altona-meadows-vic-3028-4064724
FOR SALE,145 Merton Street,Altona Meadows VIC 3028,-,-,3,2,1,-,Unit,Under Contract By Hamish Sethi,-,-,https://www.onthehouse.com.au/property-for-sale/vic/altona-meadows-3028/145-merton-st-altona-meadows-vic-3028-4382465
FOR SALE,31A Mahon Avenue,Altona North VIC 3025,-,-,3,2,3,-,House,"$790,000 - $850,000",-,-,https://www.onthehouse.com.au/property-for-sale/vic/altona-north-3025/31a-mahon-ave-altona-north-vic-3025-11583803
FOR SALE,9A Clematis Avenue,Altona North VIC 3025,-,-,5,3,3,-,House,Contact Agent,-,-,https://www.onthehouse.com.au/property-for-sale/vic/altona-north-3025/9a-clematis-ave-altona-north-vic-3025-11537008
FOR SALE,37 Seagull Avenue,Altona VIC 3018,-,705,4,2,5,-,House,Under Contract,-,-,https://www.onthehouse.com.au/property-for-sale/vic/altona-3018/37-seagull-ave-altona-vic-3018-11417668
FOR SALE,-,-,-,780,3,1,5,-,House,Contact Agent,-,-,https://www.onthehouse.com.au/property-for-sale/vic/altona-north-3025/86--88-hansen-st-altona-north-vic-3025-11578762
FOR SALE,38 Roach Drive,Altona Meadows VIC 3028,-,528,4,1,4,-,House,"$650,000-$690,000",-,-,https://www.onthehouse.com.au/property-for-sale/vic/altona-meadows-3028/38-roach-dr-altona-meadows-vic-3028-11596095
FOR SALE,-,-,-,-,2,1,-,-,House,Contact Agent,-,-,https://www.onthehouse.com.au/property-for-sale/vic/albert-park-3206/20-merton-pl-albert-park-vic-3206-10717815
FOR SALE,16 Woody Lane,Alphington VIC 3078,-,-,2,2,1,-,Townhouse,Contact Agent - Book an Inspection,-,-,https://www.onthehouse.com.au/property-for-sale/vic/alphington-3078/16-woody-lane-alphington-vic-3078-11580992
FOR SALE,B406/8 Grosvenor Street,Abbotsford VIC 3067,-,-,1,1,-,-,Apartment,"$300,000",-,-,https://www.onthehouse.com.au/property-for-sale/vic/abbotsford-3067/b406-8-grosvenor-st-abbotsford-vic-3067-10027479
FOR SALE,18 Den Dulk Avenue,Altona VIC 3018,178,-,3,3,2,-,House,Contact Agent,-,-,https://www.onthehouse.com.au/property-for-sale/vic/altona-3018/18-den-dulk-ave-altona-vic-3018-11558943
FOR SALE,26 Stapley Crescent,Altona North VIC 3025,-,-,3,1,3,-,House,Contact Agent,-,-,https://www.onthehouse.com.au/property-for-sale/vic/altona-north-3025/26-stapley-cres-altona-north-vic-3025-10961084
FOR SALE,2/9 Hutchinson Street,Albion VIC 3020,-,-,2,2,1,-,Townhouse,"$530,000-$570,000",-,-,https://www.onthehouse.com.au/property-for-sale/vic/albion-3020/2-9-hutchinson-st-albion-vic-3020-11633474
FOR SALE,1/2 Murphy Street,Altona North VIC 3025,-,-,2,1,1,-,Unit,Contact Agent,-,-,https://www.onthehouse.com.au/property-for-sale/vic/altona-north-3025/1-2-murphy-st-altona-north-vic-3025-11574862
FOR SALE,20 Cameron Avenue,Altona Meadows VIC 3028,-,487,4,2,1,-,House,"$550,000 - $560,000",-,-,https://www.onthehouse.com.au/property-for-sale/vic/altona-meadows-3028/20-cameron-ave-altona-meadows-vic-3028-3840818
FOR SALE,8 Webb Road,Airport West VIC 3042,-,-,2,1,1,-,Apartment,Stamp Duty Discounts,-,-,https://www.onthehouse.com.au/property-for-sale/vic/airport-west-3042/8-webb-rd-airport-west-vic-3042-10868484
FOR SALE,-,-,122,122,-,-,1,-,Commercial,"$23,000 Plus outgoings PA",-,-,https://www.onthehouse.com.au/property-for-sale/vic/airport-west-3042/5-29--31-hawker-st-airport-west-vic-3042-11412248
FOR SALE,16/34-42 Aberdeen Road,Altona VIC 3018,375,375,-,-,2,-,Commercial,"$650,000",-,-,https://www.onthehouse.com.au/property-for-sale/vic/altona-3018/16-34--42-aberdeen-rd-altona-vic-3018-11092811
FOR SALE,2/129 Millers Road,Altona North VIC 3025,-,-,1,1,1,-,Apartment,"$425,000 - $435,000: Contact Agent NOW!",-,-,https://www.onthehouse.com.au/property-for-sale/vic/altona-north-3025/2-129-millers-rd-altona-north-vic-3025-11600673
FOR SALE,299 Victoria Street,Abbotsford VIC 3067,-,190,-,-,-,-,Commercial,Contact Agent,-,-,https://www.onthehouse.com.au/property-for-sale/vic/abbotsford-3067/299-victoria-st-abbotsford-vic-3067-11143545
FOR SALE,238 Maidstone Street,Altona VIC 3018,429,-,-,-,85,-,Commercial,-,-,-,https://www.onthehouse.com.au/property-for-sale/vic/altona-3018/238-maidstone-st-altona-vic-3018-11468000
FOR SALE,5/7 Fawkner Street,Aberfeldie VIC 3040,-,-,2,1,1,-,Unit,-,-,-,https://www.onthehouse.com.au/property-for-sale/vic/aberfeldie-3040/5-7-fawkner-st-aberfeldie-vic-3040-3792574
FOR SALE,24 Hosken Street,Altona Meadows VIC 3028,-,-,3,2,2,-,House,"$650,000 - $680,000 Open For Private Ins",-,-,https://www.onthehouse.com.au/property-for-sale/vic/altona-meadows-3028/24-hosken-st-altona-meadows-vic-3028-3890383
FOR SALE,6/57 Parer Road,Airport West VIC 3042,-,-,2,1,1,-,Townhouse,"$425,000 - $467,500",-,-,https://www.onthehouse.com.au/property-for-sale/vic/airport-west-3042/6-57-parer-rd-airport-west-vic-3042-4213534
FOR SALE,255A Queen Street,Altona VIC 3018,-,-,4,3,2,-,House,Contact Agent,-,-,https://www.onthehouse.com.au/property-for-sale/vic/altona-3018/255a-queen-st-altona-vic-3018-11423657
FOR SALE,1/47 Fitzroy Street S,Altona Meadows VIC 3028,-,300,2,1,1,-,Unit,"$430,000 - $460,000 - Book an Inspection",-,-,https://www.onthehouse.com.au/property-for-sale/vic/altona-meadows-3028/1-47-fitzroy-st-s-altona-meadows-vic-3028-11647944
FOR SALE,34 Albert Street,Abbotsford VIC 3067,-,-,3,1,-,-,House,"$850,000-$930,000",-,-,https://www.onthehouse.com.au/property-for-sale/vic/abbotsford-3067/34-albert-st-abbotsford-vic-3067-11582897
FOR SALE,52 David Street,Altona VIC 3018,-,800,4,2,4,-,House,"$1,595,000-$1,695,000",-,-,https://www.onthehouse.com.au/property-for-sale/vic/altona-3018/52-david-st-altona-vic-3018-11389032
FOR SALE,2/47 Marigold Avenue,Altona North VIC 3025,-,216,3,2,2,-,Unit,"$660,000 - $730,000",-,-,https://www.onthehouse.com.au/property-for-sale/vic/altona-north-3025/2-47-marigold-ave-altona-north-vic-3025-11624287
FOR SALE,18 Maidstone Street,Altona VIC 3018,-,-,4,2,2,-,Townhouse,Under Contract,-,-,https://www.onthehouse.com.au/property-for-sale/vic/altona-3018/18-maidstone-st-altona-vic-3018-11424766
FOR SALE,8/1 Abbott Street,Abbotsford VIC 3067,-,-,3,2,1,-,House,Under Offer,-,-,https://www.onthehouse.com.au/property-for-sale/vic/abbotsford-3067/8-1-abbott-st-abbotsford-vic-3067-4305943
FOR SALE,3/56-58 Donald Street SOUTH,Altona Meadows VIC 3028,-,-,2,1,1,-,Unit,UNDER CONTRACT,-,-,https://www.onthehouse.com.au/property-for-sale/vic/altona-meadows-3028/3-56--58-donald-st-south-altona-meadows-vic-3028-10632359
FOR SALE,-,-,108,-,-,-,85,-,Commercial,-,-,-,https://www.onthehouse.com.au/property-for-sale/vic/altona-3018/level-1---220-maidstone-st-altona-vic-3018-11467999
FOR SALE,C305/5 Flockhart Street,Abbotsford VIC 3067,-,-,2,2,1,-,Apartment,"$575,000 - $600,000",-,-,https://www.onthehouse.com.au/property-for-sale/vic/abbotsford-3067/c305-5-flockhart-st-abbotsford-vic-3067-10196017
FOR SALE,4/2-4 Old Heidelberg Road,Alphington VIC 3078,-,-,2,2,1,-,Townhouse,"$800,000-$850,000",-,-,https://www.onthehouse.com.au/property-for-sale/vic/alphington-3078/4-2--4-old-heidelberg-rd-alphington-vic-3078-11540496
FOR SALE,7-9 Church Street,Abbotsford VIC 3067,-,446,6,1,5,-,House,Private Sale $2.35m,-,-,https://www.onthehouse.com.au/property-for-sale/vic/abbotsford-3067/7--9-church-st-abbotsford-vic-3067-2926431
FOR SALE,322/11 Flockhart Street,Abbotsford VIC 3067,-,-,2,1,-,-,Apartment,"$354,888",-,-,https://www.onthehouse.com.au/property-for-sale/vic/abbotsford-3067/322-11-flockhart-st-abbotsford-vic-3067-11551791
FOR SALE,201/129 Millers Road,Altona North VIC 3025,-,-,3,2,1,-,Apartment,$690k - $720k,-,-,https://www.onthehouse.com.au/property-for-sale/vic/altona-north-3025/201-129-millers-rd-altona-north-vic-3025-3619126
FOR SALE,124A Sixth Avenue,Altona North VIC 3025,-,-,4,3,2,-,House,Contact Agent,-,-,https://www.onthehouse.com.au/property-for-sale/vic/altona-north-3025/124a-sixth-ave-altona-north-vic-3025-11639187
FOR SALE,132 Sixth Avenue,Altona North VIC 3025,-,-,2,1,2,-,House,"$580,000 - $610,000",-,-,https://www.onthehouse.com.au/property-for-sale/vic/altona-north-3025/132-sixth-ave-altona-north-vic-3025-11634306
FOR SALE,7 Sturrock Court,Altona Meadows VIC 3028,-,637,4,2,4,-,House,"$900,000",-,-,https://www.onthehouse.com.au/property-for-sale/vic/altona-meadows-3028/7-sturrock-ct-altona-meadows-vic-3028-10552680
FOR SALE,21 First Avenue,Altona North VIC 3025,-,-,3,2,3,-,House,"$800,000-$870,000",-,-,https://www.onthehouse.com.au/property-for-sale/vic/altona-north-3025/21-first-ave-altona-north-vic-3025-11529765
FOR SALE,-,-,-,-,3,2,1,-,Apartment,"$630,000 - $650,000",-,-,https://www.onthehouse.com.au/property-for-sale/vic/altona-north-3025/6-185--189-millers-rd-altona-north-vic-3025-10325571
FOR SALE,-,-,537,-,-,-,85,-,Commercial,-,-,-,https://www.onthehouse.com.au/property-for-sale/vic/altona-3018/220--238-maidstone-st-altona-vic-3018-11474667
FOR SALE,7 Spear Court,Altona VIC 3018,-,526,3,1,2,-,House,On Hold Pending Further Instructions,-,-,https://www.onthehouse.com.au/property-for-sale/vic/altona-3018/7-spear-ct-altona-vic-3018-4004917
FOR SALE,36 Drake Boulevard,Altona VIC 3018,627,-,-,-,-,-,Commercial,-,-,-,https://www.onthehouse.com.au/property-for-sale/vic/altona-3018/36-drake-bvd-altona-vic-3018-11557630
FOR SALE,31A Little Lithgow Street,Abbotsford VIC 3067,-,317,-,-,-,-,Land,Private Sale $1.845m,-,-,https://www.onthehouse.com.au/property-for-sale/vic/abbotsford-3067/31a-little-lithgow-st-abbotsford-vic-3067-3570188
FOR SALE,22 Philip Street,Altona Meadows VIC 3028,-,573,4,2,4,-,House,"$789,000 - $830,995",-,-,https://www.onthehouse.com.au/property-for-sale/vic/altona-meadows-3028/22-philip-st-altona-meadows-vic-3028-11649438
FOR SALE,163 Victoria Avenue,Albert Park VIC 3206,290,-,-,-,2,-,Commercial,-,-,-,https://www.onthehouse.com.au/property-for-sale/vic/albert-park-3206/163-victoria-ave-albert-park-vic-3206-10278406
FOR SALE,611/11 Flockhart Street,Abbotsford VIC 3067,-,-,2,1,1,-,Apartment,"Private Sale $450,000",-,-,https://www.onthehouse.com.au/property-for-sale/vic/abbotsford-3067/611-11-flockhart-st-abbotsford-vic-3067-4327188
FOR SALE,63 Maxweld Street,Ardeer VIC 3022,-,-,3,1,-,-,House,"$620,000 - $650,000 ",-,-,https://www.onthehouse.com.au/property-for-sale/vic/ardeer-3022/63-maxweld-st-ardeer-vic-3022-10458693
FOR SALE,1/55 Derrimut Street,Albion VIC 3020,-,-,3,2,2,-,Townhouse,"$680,000 - $720,000",-,-,https://www.onthehouse.com.au/property-for-sale/vic/albion-3020/1-55-derrimut-st-albion-vic-3020-3530987
FOR SALE,21 Bloomburg Street,Abbotsford VIC 3067,-,-,2,1,-,-,House,"Private Sale $950,000",-,-,https://www.onthehouse.com.au/property-for-sale/vic/abbotsford-3067/21-bloomburg-st-abbotsford-vic-3067-4143626
FOR SALE,7/31 Ridley Street,Albion VIC 3020,55,-,2,1,1,-,Apartment,"Price guide:$290,000 - $300,000",-,-,https://www.onthehouse.com.au/property-for-sale/vic/albion-3020/7-31-ridley-st-albion-vic-3020-10403547
FOR SALE,70 Richardson Street,Albert Park VIC 3206,-,-,2,1,1,-,House,ONSITE AUCTION : SATURDAY 19 DECEMBER AT 12.00PM,-,-,https://www.onthehouse.com.au/property-for-sale/vic/albert-park-3206/70-richardson-st-albert-park-vic-3206-11580946
FOR SALE,395 Main Road W,Albanvale VIC 3021,-,540,4,1,2,-,House,Spacious and Quality Family Home,-,-,https://www.onthehouse.com.au/property-for-sale/vic/albanvale-3021/395-main-rd-w-albanvale-vic-3021-11580284
FOR SALE,12 The Broadway ,Altona North VIC 3025,-,-,3,1,4,-,House,Under Contract,-,-,https://www.onthehouse.com.au/property-for-sale/vic/altona-north-3025/12-the-broadway-altona-north-vic-3025-11472614
FOR SALE,21A Hansen Street,Altona North VIC 3025,-,-,4,3,3,-,House,"$830,000-$890,000",-,-,https://www.onthehouse.com.au/property-for-sale/vic/altona-north-3025/21a-hansen-st-altona-north-vic-3025-11461281
FOR SALE,2/137 Opie Road,Albanvale VIC 3021,-,-,2,1,1,-,Unit,"$360,000 - $380,000",-,-,https://www.onthehouse.com.au/property-for-sale/vic/albanvale-3021/2-137-opie-rd-albanvale-vic-3021-10772649
FOR SALE,112 Chambers Road,Altona North VIC 3025,-,-,4,3,3,-,House,Contact Agent,-,-,https://www.onthehouse.com.au/property-for-sale/vic/altona-north-3025/112-chambers-rd-altona-north-vic-3025-11624522
FOR SALE,463 Victoria Street,Abbotsford VIC 3067,112,-,2,2,1,-,House,"$950,000-$1.045m",-,-,https://www.onthehouse.com.au/property-for-sale/vic/abbotsford-3067/463-victoria-st-abbotsford-vic-3067-11658120
FOR SALE,75 Park Street,Abbotsford VIC 3067,-,-,1,1,-,-,House,"Forthcoming Auction - $750,000-$800,000",-,-,https://www.onthehouse.com.au/property-for-sale/vic/abbotsford-3067/75-park-st-abbotsford-vic-3067-11586546
FOR SALE,1/31 Ridley Street,Albion VIC 3020,-,-,2,1,1,-,Unit,"$265,000 - $285,000",-,-,https://www.onthehouse.com.au/property-for-sale/vic/albion-3020/1-31-ridley-st-albion-vic-3020-11638469
FOR SALE,16 Woody Lane,Alphington VIC 3078,-,-,2,2,1,-,Townhouse,Contact Agent - Book an Inspection,-,-,https://www.onthehouse.com.au/property-for-sale/vic/alphington-3078/16-woody-lane-alphington-vic-3078-11593536
FOR SALE,17 Kitson Court,Altona Meadows VIC 3028,-,-,4,2,2,-,House,UNDER CONTRACT,-,-,https://www.onthehouse.com.au/property-for-sale/vic/altona-meadows-3028/17-kitson-ct-altona-meadows-vic-3028-11113702
FOR SALE,803/6 Acacia Place,Abbotsford VIC 3067,-,-,1,1,1,-,Apartment,"Private Sale $379,000",-,-,https://www.onthehouse.com.au/property-for-sale/vic/abbotsford-3067/803-6-acacia-pl-abbotsford-vic-3067-3048071
FOR SALE,10 North Avenue,Altona Meadows VIC 3028,-,-,3,1,2,-,House,"$630,000-$650,000",-,-,https://www.onthehouse.com.au/property-for-sale/vic/altona-meadows-3028/10-north-ave-altona-meadows-vic-3028-11509258
FOR SALE,3/9 Prentice Street,Altona North VIC 3025,-,130,2,1,1,-,Townhouse,"$495,000 - $540,000",-,-,https://www.onthehouse.com.au/property-for-sale/vic/altona-north-3025/3-9-prentice-st-altona-north-vic-3025-4269915
FOR SALE,31 Lobelia Drive,Altona North VIC 3025,150,150,-,-,-,-,Commercial,Contact Agent,-,-,https://www.onthehouse.com.au/property-for-sale/vic/altona-north-3025/31-lobelia-dr-altona-north-vic-3025-11004624
FOR SALE,13 Mahon Avenue,Altona North VIC 3025,-,665,3,2,3,-,House,"$900,000-$950,000",-,-,https://www.onthehouse.com.au/property-for-sale/vic/altona-north-3025/13-mahon-ave-altona-north-vic-3025-11591006
FOR SALE,214/11 Flockhart Street,Abbotsford VIC 3067,-,-,2,1,1,-,Apartment,"$390,000 to $410,000",-,-,https://www.onthehouse.com.au/property-for-sale/vic/abbotsford-3067/214-11-flockhart-st-abbotsford-vic-3067-4347278
FOR SALE,14 Robyn Avenue,Albanvale VIC 3021,-,-,3,1,3,-,House,PRIVATE INSPECTION NOW: Contact Agent!,-,-,https://www.onthehouse.com.au/property-for-sale/vic/albanvale-3021/14-robyn-ave-albanvale-vic-3021-4144670
FOR SALE,310/627 Victoria Street,Abbotsford VIC 3067,91,-,3,2,2,-,Apartment,"$990,000 - $1,050,000",-,-,https://www.onthehouse.com.au/property-for-sale/vic/abbotsford-3067/310-627-victoria-st-abbotsford-vic-3067-11194605
FOR SALE,153 Mills Street,Altona North VIC 3025,-,-,3,2,2,-,Townhouse,"$700,000 - $750,000",-,-,https://www.onthehouse.com.au/property-for-sale/vic/altona-north-3025/153-mills-st-altona-north-vic-3025-4297704
FOR SALE,-,-,-,-,3,2,2,-,Townhouse,"$580,000 - $615,000: Contact Agent NOW!!!",-,-,https://www.onthehouse.com.au/property-for-sale/vic/albanvale-3021/58a---58b-president-rd-albanvale-vic-3021-11530745
FOR SALE,29-35 Louis Street,Airport West VIC 3042,120,-,-,-,-,-,Commercial,-,-,-,https://www.onthehouse.com.au/property-for-sale/vic/airport-west-3042/29--35-louis-st-airport-west-vic-3042-10139982
FOR SALE,303A/8 Grosvenor Street,Abbotsford VIC 3067,-,-,2,1,-,-,Apartment,"$360,000 - $396,000",-,-,https://www.onthehouse.com.au/property-for-sale/vic/abbotsford-3067/303a-8-grosvenor-st-abbotsford-vic-3067-4361267
FOR SALE,49A Angus Avenue,Altona North VIC 3025,-,-,4,2,2,-,House,"$890,000-$960,000",-,-,https://www.onthehouse.com.au/property-for-sale/vic/altona-north-3025/49a-angus-ave-altona-north-vic-3025-11609087
FOR SALE,95 Mccann Drive,Albanvale VIC 3021,-,435,4,3,2,-,House,UNDER CONTRACT BY DAVID ZAMMIT,-,-,https://www.onthehouse.com.au/property-for-sale/vic/albanvale-3021/95-mccann-dr-albanvale-vic-3021-4388926
FOR SALE,28 Batman Street,Altona Meadows VIC 3028,-,532,3,2,1,-,House,"$650,000-$695,000",-,-,https://www.onthehouse.com.au/property-for-sale/vic/altona-meadows-3028/28-batman-st-altona-meadows-vic-3028-11565077
FOR SALE,-,-,-,-,3,2,2,-,Townhouse,Contact Agent,-,-,https://www.onthehouse.com.au/property-for-sale/vic/altona-3018/2-3-galvin-st-altona-vic-3018-10969112
FOR SALE,-,-,205,-,-,-,-,-,Commercial,-,-,-,https://www.onthehouse.com.au/property-for-sale/vic/albert-park-3206/364-richardson-st-albert-park-vic-3206-10075128
FOR SALE,39 Victory Road,Airport West VIC 3042,570,515,-,-,2,-,Commercial,-,-,-,https://www.onthehouse.com.au/property-for-sale/vic/airport-west-3042/39-victory-rd-airport-west-vic-3042-11521413
FOR SALE,38 Oakwood Road,Albanvale VIC 3021,-,-,3,1,2,-,House,"$475,000 - $500,000",-,-,https://www.onthehouse.com.au/property-for-sale/vic/albanvale-3021/38-oakwood-rd-albanvale-vic-3021-4359156
FOR SALE,8/14 Forrest Street,Albion VIC 3020,-,-,1,1,1,-,Apartment,UNDER CONTRACT,-,-,https://www.onthehouse.com.au/property-for-sale/vic/albion-3020/8-14-forrest-st-albion-vic-3020-4298465
FOR SALE,7 Hosie Street,Altona Meadows VIC 3028,-,530,5,2,2,-,House,Contact Agent - Book an Inspection,-,-,https://www.onthehouse.com.au/property-for-sale/vic/altona-meadows-3028/7-hosie-st-altona-meadows-vic-3028-11631787
FOR SALE,63 Sargood Street,Altona VIC 3018,-,-,7,2,7,-,House,Contact Agent,-,-,https://www.onthehouse.com.au/property-for-sale/vic/altona-3018/63-sargood-st-altona-vic-3018-11570071
FOR SALE,103/129 Millers Road,Altona North VIC 3025,-,-,2,2,1,-,Apartment,Contact Agent,-,-,https://www.onthehouse.com.au/property-for-sale/vic/altona-north-3025/103-129-millers-rd-altona-north-vic-3025-11532908
FOR SALE,46 Bent Street,Altona VIC 3018,-,744,3,1,9,-,House,Forthcoming Auction,-,-,https://www.onthehouse.com.au/property-for-sale/vic/altona-3018/46-bent-st-altona-vic-3018-11614006
FOR SALE,6 Birkett Court,Altona Meadows VIC 3028,-,479,3,2,2,-,House,Under Contract By Hamish Sethi,-,-,https://www.onthehouse.com.au/property-for-sale/vic/altona-meadows-3028/6-birkett-ct-altona-meadows-vic-3028-4383748
FOR SALE,17 Mcarthurs Road,Altona North VIC 3025,-,-,3,2,3,-,House,"$870,000 - $950,000",-,-,https://www.onthehouse.com.au/property-for-sale/vic/altona-north-3025/17-mcarthurs-rd-altona-north-vic-3025-11357935
FOR SALE,2/28 Ridley Street,Albion VIC 3020,-,-,2,1,1,-,Unit,"$259,000 - $279,000",-,-,https://www.onthehouse.com.au/property-for-sale/vic/albion-3020/2-28-ridley-st-albion-vic-3020-4360594
FOR SALE,501/10 Trenerry Crescent,Abbotsford VIC 3067,-,-,1,1,1,-,Apartment,"$437,000 - $440,000",-,-,https://www.onthehouse.com.au/property-for-sale/vic/abbotsford-3067/501-10-trenerry-cres-abbotsford-vic-3067-4004391
FOR SALE,19 Hibiscus Court,Altona Meadows VIC 3028,-,557,4,2,4,-,House,UNDER CONTRACT,-,-,https://www.onthehouse.com.au/property-for-sale/vic/altona-meadows-3028/19-hibiscus-ct-altona-meadows-vic-3028-11505698
FOR SALE,34 Victoria Street,Altona Meadows VIC 3028,-,-,-,-,-,-,Land,Under Contract By Hamish Sethi,-,-,https://www.onthehouse.com.au/property-for-sale/vic/altona-meadows-3028/34-victoria-st-altona-meadows-vic-3028-4325922
FOR SALE,3/58 Marigold Avenue,Altona North VIC 3025,-,-,2,1,2,-,House,Contact Agent,-,-,https://www.onthehouse.com.au/property-for-sale/vic/altona-north-3025/3-58-marigold-ave-altona-north-vic-3025-11589675
FOR SALE,1/12 Reddrop Court,Altona Meadows VIC 3028,-,-,2,1,2,-,Unit,"$430,000-$460,000",-,-,https://www.onthehouse.com.au/property-for-sale/vic/altona-meadows-3028/1-12-reddrop-ct-altona-meadows-vic-3028-11591823
FOR SALE,26 Hoddle Way,Altona Meadows VIC 3028,-,525,3,1,4,-,House,Contact Listing Agent,-,-,https://www.onthehouse.com.au/property-for-sale/vic/altona-meadows-3028/26-hoddle-way-altona-meadows-vic-3028-11552842
FOR SALE,108A Mills Street,Altona North VIC 3025,-,-,4,3,2,-,House,Under Contract,-,-,https://www.onthehouse.com.au/property-for-sale/vic/altona-north-3025/108a-mills-st-altona-north-vic-3025-10169265
FOR SALE,28 Tarlee Drive,Albanvale VIC 3021,-,582,4,2,7,-,House,AUCTION THIS SATURDAY 12PM,-,-,https://www.onthehouse.com.au/property-for-sale/vic/albanvale-3021/28-tarlee-dr-albanvale-vic-3021-11582710
FOR SALE,1/4 Begonia Avenue,Altona North VIC 3025,-,-,3,2,1,-,House,Contact Agent,-,-,https://www.onthehouse.com.au/property-for-sale/vic/altona-north-3025/1-4-begonia-ave-altona-north-vic-3025-11358598
FOR SALE,E324/11 Flockhart Street,Abbotsford VIC 3067,-,-,2,1,-,-,Apartment,-,-,-,https://www.onthehouse.com.au/property-for-sale/vic/abbotsford-3067/e324-11-flockhart-st-abbotsford-vic-3067-2434134
FOR SALE,406/105 Pier Street,Altona VIC 3018,-,-,2,1,1,-,Apartment,"$450,000-$490,000",-,-,https://www.onthehouse.com.au/property-for-sale/vic/altona-3018/406-105-pier-st-altona-vic-3018-11392132
FOR SALE,10 Rosebery Street,Altona Meadows VIC 3028,-,-,4,2,2,-,House,"$600,000-$630,000",-,-,https://www.onthehouse.com.au/property-for-sale/vic/altona-meadows-3028/10-rosebery-st-altona-meadows-vic-3028-11595729
FOR SALE,1/1 Lowe Avenue,Altona VIC 3018,-,324,2,1,2,-,Unit,Contact Agent,-,-,https://www.onthehouse.com.au/property-for-sale/vic/altona-3018/1-1-lowe-ave-altona-vic-3018-10132659
FOR SALE,19-25 Marine Parade,Abbotsford VIC 3067,4592,3950,-,-,35,-,Commercial,-,-,-,https://www.onthehouse.com.au/property-for-sale/vic/abbotsford-3067/19--25-marine-pde-abbotsford-vic-3067-10238139
FOR SALE,3/24 North Street,Ardeer VIC 3022,-,-,3,2,2,-,Townhouse,"$600,000 - $650,000",-,-,https://www.onthehouse.com.au/property-for-sale/vic/ardeer-3022/3-24-north-st-ardeer-vic-3022-4385339
FOR SALE,-,-,89,129,-,-,-,-,Commercial,-,-,-,https://www.onthehouse.com.au/property-for-sale/vic/albert-park-3206/ground-106-canterbury-rd-albert-park-vic-3206-11171085
FOR SALE,144 Marshall Road,Airport West VIC 3042,-,-,3,2,2,-,Villa,-,-,-,https://www.onthehouse.com.au/property-for-sale/vic/airport-west-3042/144-marshall-rd-airport-west-vic-3042-3369145
FOR SALE,4 William Street,Abbotsford VIC 3067,-,-,3,1,2,-,House,Private Sale $1.34m,-,-,https://www.onthehouse.com.au/property-for-sale/vic/abbotsford-3067/4-william-st-abbotsford-vic-3067-4138133
FOR SALE,10 Bond Street,Abbotsford VIC 3067,99,-,-,-,1,-,Commercial,-,-,-,https://www.onthehouse.com.au/property-for-sale/vic/abbotsford-3067/10-bond-st-abbotsford-vic-3067-11633156
FOR SALE,-,-,-,-,6,3,3,-,House,"3 UNIT INVESTMENT: Approx. $50,000 per year",-,-,https://www.onthehouse.com.au/property-for-sale/vic/albanvale-3021/1-2-3-1-robyn-ave-albanvale-vic-3021-10794287
FOR SALE,2/35 South Avenue,Altona Meadows VIC 3028,-,238,2,1,2,-,Unit,"$460,000-$490,000",-,-,https://www.onthehouse.com.au/property-for-sale/vic/altona-meadows-3028/2-35-south-ave-altona-meadows-vic-3028-11612934
FOR SALE,10 Rowson Court,Altona Meadows VIC 3028,-,-,3,2,2,-,House,"$685,000-$725,000",-,-,https://www.onthehouse.com.au/property-for-sale/vic/altona-meadows-3028/10-rowson-ct-altona-meadows-vic-3028-11552844
FOR SALE,12 Paterson Street,Abbotsford VIC 3067,-,-,4,2,-,-,House,$1.7m-$1.8m,-,-,https://www.onthehouse.com.au/property-for-sale/vic/abbotsford-3067/12-paterson-st-abbotsford-vic-3067-11581749
FOR SALE,320 Queen Street,Altona Meadows VIC 3028,-,-,3,1,2,-,House,Under Contract By Hamish Sethi,-,-,https://www.onthehouse.com.au/property-for-sale/vic/altona-meadows-3028/320-queen-st-altona-meadows-vic-3028-11553295
FOR SALE,202/8 Grosvenor Street,Abbotsford VIC 3067,-,-,2,1,-,-,Apartment,CONTACT AGENT,-,-,https://www.onthehouse.com.au/property-for-sale/vic/abbotsford-3067/202-8-grosvenor-st-abbotsford-vic-3067-11555798
FOR SALE,75A Park Street,Abbotsford VIC 3067,-,-,-,-,-,-,Land,"Forthcoming Auction - $700,000-$750,000",-,-,https://www.onthehouse.com.au/property-for-sale/vic/abbotsford-3067/75a-park-st-abbotsford-vic-3067-11586561
FOR SALE,45 Allan Street,Aberfeldie VIC 3040,-,-,4,3,2,-,House,"$1,650,000",-,-,https://www.onthehouse.com.au/property-for-sale/vic/aberfeldie-3040/45-allan-st-aberfeldie-vic-3040-11433848
FOR SALE,2/12 Hammond Court,Altona Meadows VIC 3028,-,-,3,2,2,-,Unit,Contact Agent,-,-,https://www.onthehouse.com.au/property-for-sale/vic/altona-meadows-3028/2-12-hammond-ct-altona-meadows-vic-3028-11583963
FOR SALE,704/10 Trenerry Crescent,Abbotsford VIC 3067,-,-,1,1,1,-,Apartment,"$490,000",-,-,https://www.onthehouse.com.au/property-for-sale/vic/abbotsford-3067/704-10-trenerry-cres-abbotsford-vic-3067-2571374
FOR SALE,27 Sunhill Crescent,Ardeer VIC 3022,-,677,3,1,3,-,House,"For Sale: $580,000-$620,000",-,-,https://www.onthehouse.com.au/property-for-sale/vic/ardeer-3022/27-sunhill-cres-ardeer-vic-3022-10239998
FOR SALE,1/19 Matthews Avenue,Airport West VIC 3042,-,-,2,2,1,-,Townhouse,"$795,000",-,-,https://www.onthehouse.com.au/property-for-sale/vic/airport-west-3042/1-19-matthews-ave-airport-west-vic-3042-3557324
FOR SALE,12 Markey Court,Altona Meadows VIC 3028,-,-,4,2,2,-,House,Under Contract,-,-,https://www.onthehouse.com.au/property-for-sale/vic/altona-meadows-3028/12-markey-ct-altona-meadows-vic-3028-11594317
FOR SALE,-,-,1,327,-,-,-,-,Commercial,-,-,-,https://www.onthehouse.com.au/property-for-sale/vic/alphington-3078/647-heidelberg-rd-alphington-vic-3078-10338747
FOR SALE,31 Clydesdale Road,Airport West VIC 3042,-,843,4,1,2,-,House,Contact Agent,-,-,https://www.onthehouse.com.au/property-for-sale/vic/airport-west-3042/31-clydesdale-rd-airport-west-vic-3042-10732109
FOR SALE,33 Yarra Street,Abbotsford VIC 3067,-,-,3,2,2,-,House,"$2,340,000-$2,480,000",-,-,https://www.onthehouse.com.au/property-for-sale/vic/abbotsford-3067/33-yarra-st-abbotsford-vic-3067-4322021
FOR SALE,-,-,80,93,2,2,1,-,Apartment,"$728,000",-,-,https://www.onthehouse.com.au/property-for-sale/vic/abbotsford-3067/{-display-:--no---text-:--a307f-}-627-victoria-st-abbotsford-vic-3067-10102582
FOR SALE,20 Merton Street,Albert Park VIC 3206,-,-,2,1,-,-,House,Contact Agent,-,-,https://www.onthehouse.com.au/property-for-sale/vic/albert-park-3206/20-merton-st-albert-park-vic-3206-10414509
FOR SALE,141 Opie Road,Albanvale VIC 3021,-,920,4,2,2,-,House,"RENOVATED I 920M2 BLOCK I $860,000 - $885,000",-,-,https://www.onthehouse.com.au/property-for-sale/vic/albanvale-3021/141-opie-rd-albanvale-vic-3021-4320611
